INSERT INTO member(id, name, nickname, email, birth, phone, gender, province, city, score, is_email_opt_in, created_at, modified_at)
VALUES
    (1, '서지원', '서지원123', 'sjiwon4491@gmail.com', '2000-01-18', '010-1234-5678', 'MALE', '경기도', '안양시', 90, 1, NOW(), NOW()),
    (2, '양채린', '양채린123', 'keukkeu464@gmail.com', '2001-01-18', '010-4321-1234', 'FEMALE', '경기도', '용인시', 90, 1, NOW(), NOW()),
    (3, '더미1', 'StudyGuru', 'dummy1@gmail.com', '1999-03-18', '010-1111-1111', 'MALE', '서울특별시', '종로구', 80, 1, NOW(), NOW()),
    (4, '유윤지', '유윤지123', 'bbbnnn63@gmail.com', '2001-01-18', '010-1324-1324', 'FEMALE', '경기도', '평택시', 90, 1, NOW(), NOW()),
    (5, '최희민', '최희민123', 'test@gmail.com', '2001-01-18', '010-1111-1234', 'FEMALE', '경기도', '안양시', 90, 1, NOW(), NOW()),
    (6, '천지윤', '천지윤123', 'gunbam715@gmail.com', '2000-01-18', '010-1432-1432', 'FEMALE', '경기도', '수원시', 90, 1, NOW(), NOW()),
    (7, '더미2', 'BrainWave', 'dummy2@gmail.com', '1997-08-17', '010-1111-2222', 'FEMALE', '경기도', '안양시', 78, 1, NOW(), NOW()),
    (8, '더미3', 'LearnFast', 'dummy3@gmail.com', '1994-10-01', '010-1111-3333', 'FEMALE', '서울특별시', '용산구', 83, 1, NOW(), NOW()),
    (9, '더미4', 'QuizMaster', 'dummy4@gmail.com', '2001-02-23', '010-1111-4444', 'MALE', '서울특별시', '종로구', 86, 1, NOW(), NOW()),
    (10, '더미5', 'KnowledgeSeeker', 'dummy5@gmail.com', '2004-04-18', '010-1111-5555', 'FEMALE', '경기도', '안양시', 71, 1, NOW(), NOW()),
    (11, '더미6', 'StudyBuddy', 'dummy6@gmail.com', '1996-01-07', '010-1111-6666', 'MALE', '경기도', '성남시', 62, 1, NOW(), NOW()),
    (12, '더미7', 'ThinkTank', 'dummy7@gmail.com', '1994-01-24', '010-1111-7777', 'FEMALE', '서울특별시', '용산구', 68, 1, NOW(), NOW()),
    (13, '더미8', 'ProLearner', 'dummy8@gmail.com', '1990-11-19', '010-1111-8888', 'MALE', '경상북도', '포항시', 82, 1, NOW(), NOW()),
    (14, '더미9', 'SmartMinds', 'dummy9@gmail.com', '1995-03-13', '010-1111-9999', 'FEMALE', '경기도', '수원시', 80, 1, NOW(), NOW()),
    (15, '더미10', 'StudyQuest', 'dummy10@gmail.com', '1994-11-12', '010-1111-0000', 'MALE', '서울특별시', '강북구', 80, 1, NOW(), NOW()),
    (16, '더미11', 'Bookworm', 'dummy11@gmail.com', '1985-06-12', '010-2222-1111', 'FEMALE', '제주특별자치도', '서귀포시', 75, 1, NOW(), NOW()),
    (17, '더미12', 'QuizWhiz', 'dummy12@gmail.com', '2004-04-21', '010-2222-2222', 'MALE', '경기도', '수원시', 78, 1, NOW(), NOW()),
    (18, '더미13', 'IntellectY', 'dummy13@gmail.com', '2004-01-24', '010-2222-3333', 'MALE', '경상남도', '창원시', 83, 1, NOW(), NOW()),
    (19, '더미14', 'StudyNinja', 'dummy14@gmail.com', '1995-10-25', '010-2222-4444', 'FEMALE', '경상북도', '포항시', 92, 1, NOW(), NOW()),
    (20, '더미15', 'MindPal', 'dummy15@gmail.com', '1993-05-17', '010-2222-5555', 'FEMALE', '경기도', '평택시', 95, 1, NOW(), NOW()),
    (21, '더미16', 'StudySage', 'dummy16@gmail.com', '1987-07-18', '010-2222-6666', 'MALE', '경기도', '평택시', 95, 1, NOW(), NOW()),
    (22, '더미17', 'TutorTrack', 'dummy17@gmail.com', '1990-04-26', '010-2222-7777', 'FEMALE', '서울특별시', '용산구', 95, 1, NOW(), NOW()),
    (23, '더미18', 'LearnLink', 'dummy18@gmail.com', '2000-01-07', '010-2222-8888', 'MALE', '경기도', '평택시', 95, 1, NOW(), NOW()),
    (24, '더미19', 'KnowledgeKey', 'dummy19@gmail.com', '1989-10-22', '010-2222-9999', 'MALE', '강원도', '원주시', 95, 1, NOW(), NOW()),
    (25, '더미20', 'StudyStream', 'dummy20@gmail.com', '2001-08-23', '010-2222-0000', 'FEMALE', '강원도', '원주시', 95, 1, NOW(), NOW()),
    (26, '더미21', 'EduQuest', 'dummy21@gmail.com', '1995-01-25', '010-3333-1111', 'MALE', '울산광역시', '울주군', 80, 1, NOW(), NOW()),
    (27, '더미22', 'StudySpark', 'dummy22@gmail.com', '1991-04-24', '010-3333-2222', 'FEMALE', '경기도', '안양시', 78, 1, NOW(), NOW()),
    (28, '더미23', 'SkillSprint', 'dummy23@gmail.com', '2003-12-18', '010-3333-3333', 'FEMALE', '서울특별시', '강북구', 83, 1, NOW(), NOW()),
    (29, '더미24', 'TutorTrek', 'dummy24@gmail.com', '1992-03-21', '010-3333-4444', 'MALE', '경기도', '화성시', 86, 1, NOW(), NOW()),
    (30, '더미25', 'StudySense', 'dummy25@gmail.com', '1990-04-23', '010-3333-5555', 'FEMALE', '경기도', '안양시', 71, 1, NOW(), NOW()),
    (31, '더미26', 'MindMatrix', 'dummy26@gmail.com', '1999-05-21', '010-3333-6666', 'MALE', '인천광역시', '미추홀구', 62, 1, NOW(), NOW()),
    (32, '더미27', 'LearnLane', 'dummy27@gmail.com', '2001-11-10', '010-3333-7777', 'FEMALE', '경기도', '안양시', 68, 1, NOW(), NOW()),
    (33, '더미28', 'IntellectX', 'dummy28@gmail.com', '1988-06-28', '010-3333-8888', 'MALE', '대전광역시', '유성구', 82, 1, NOW(), NOW()),
    (34, '더미29', 'ScholarSpot', 'dummy29@gmail.com', '1995-07-27', '010-3333-9999', 'FEMALE', '경기도', '수원시', 80, 1, NOW(), NOW()),
    (35, '더미30', 'StudySync', 'dummy30@gmail.com', '1986-05-10', '010-3333-0000', 'MALE', '대전광역시', '유성구', 80, 1, NOW(), NOW()),
    (36, '더미31', 'BrainBoost', 'dummy31@gmail.com', '1999-08-03', '010-4444-1111', 'FEMALE', '경기도', '수원시', 75, 1, NOW(), NOW()),
    (37, '더미32', 'TutorTribe', 'dummy32@gmail.com', '1993-09-21', '010-4444-2222', 'MALE', '서울특별시', '강북구', 78, 1, NOW(), NOW()),
    (38, '더미33', 'StudySphere', 'dummy33@gmail.com', '2002-04-28', '010-4444-3333', 'MALE', '경기도', '성남시', 83, 1, NOW(), NOW()),
    (39, '더미34', 'SkillFlow', 'dummy34@gmail.com', '1990-06-29', '010-4444-4444', 'FEMALE', '서울특별시', '강북구', 92, 1, NOW(), NOW()),
    (40, '더미35', 'LearnLogic', 'dummy35@gmail.com', '1991-04-15', '010-4444-5555', 'MALE', '서울특별시', '종로구', 95, 1, NOW(), NOW()),
    (41, '더미36', 'KnowledgeWave', 'dummy36@gmail.com', '1990-05-09', '010-4444-6666', 'FEMALE', '부산광역시', '동래구', 72, 1, NOW(), NOW()),
    (42, '더미37', 'StudyStorm', 'dummy37@gmail.com', '1995-12-19', '010-4444-7777', 'MALE', '경기도', '평택시', 86, 1, NOW(), NOW()),
    (43, '더미38', 'EduElite', 'dummy38@gmail.com', '1992-05-04', '010-4444-8888', 'FEMALE', '부산광역시', '동래구', 81, 1, NOW(), NOW()),
    (44, '더미39', 'TutorTrail', 'dummy39@gmail.com', '1988-09-28', '010-4444-9999', 'MALE', '경기도', '평택시', 78, 1, NOW(), NOW()),
    (45, '더미40', 'StudyPulse', 'dummy40@gmail.com', '1997-02-18', '010-4444-0000', 'FEMALE', '서울특별시', '강남구', 80, 1, NOW(), NOW()),
    (46, '더미41', 'SkillForge', 'dummy41@gmail.com', '1989-08-02', '010-5555-1111', 'MALE', '서울특별시', '종로구', 93, 1, NOW(), NOW()),
    (47, '더미42', 'LearnLeap', 'dummy42@gmail.com', '2002-07-17', '010-5555-2222', 'MALE', '울산광역시', '울주군', 80, 1, NOW(), NOW()),
    (48, '더미43', 'GeniusGlide', 'dummy43@gmail.com', '1993-08-04', '010-5555-3333', 'MALE', '경기도', '평택시', 54, 1, NOW(), NOW()),
    (49, '더미44', 'StudyHive', 'dummy44@gmail.com', '1995-11-22', '010-5555-4444', 'MALE', '부산광역시', '동래구', 80, 1, NOW(), NOW()),
    (50, '더미45', 'EduLinx', 'dummy45@gmail.com', '1993-05-17', '010-5555-5555', 'FEMALE', '부산광역시', '해운대구', 34, 1, NOW(), NOW());



INSERT INTO member_interest(member_id, category)
VALUES
    (1, 'INTERVIEW'),
    (1, 'PROGRAMMING'),
    (1, 'CERTIFICATION'),
    (2, 'LANGUAGE'),
    (2, 'PROGRAMMING'),
    (2, 'APTITUDE_NCS'),
    (3, 'LANGUAGE'),
    (3, 'CERTIFICATION'),
    (3, 'PROGRAMMING'),
    (3, 'APTITUDE_NCS'),
    (4, 'LANGUAGE'),
    (4, 'PROGRAMMING'),
    (4, 'APTITUDE_NCS'),
    (4, 'ETC'),
    (5, 'PROGRAMMING'),
    (5, 'APTITUDE_NCS'),
    (6, 'ETC'),
    (6, 'INTERVIEW'),
    (7, 'LANGUAGE'),
    (7, 'PROGRAMMING'),
    (7, 'INTERVIEW'),
    (8, 'LANGUAGE'),
    (8, 'ETC'),
    (9, 'ETC'),
    (10, 'LANGUAGE'),
    (11, 'ETC'),
    (11, 'APTITUDE_NCS'),
    (11, 'INTERVIEW'),
    (12, 'LANGUAGE'),
    (12, 'ETC'),
    (13, 'PROGRAMMING'),
    (13, 'CERTIFICATION'),
    (13, 'INTERVIEW'),
    (14, 'ETC'),
    (14, 'INTERVIEW'),
    (15, 'PROGRAMMING'),
    (15, 'INTERVIEW'),
    (16, 'CERTIFICATION'),
    (16, 'APTITUDE_NCS'),
    (17, 'LANGUAGE'),
    (17, 'PROGRAMMING'),
    (18, 'LANGUAGE'),
    (18, 'CERTIFICATION'),
    (18, 'PROGRAMMING'),
    (18, 'APTITUDE_NCS'),
    (19, 'CERTIFICATION'),
    (19, 'ETC'),
    (19, 'APTITUDE_NCS'),
    (20, 'LANGUAGE'),
    (20, 'CERTIFICATION'),
    (20, 'APTITUDE_NCS'),
    (20, 'ETC'),
    (21, 'LANGUAGE'),
    (21, 'PROGRAMMING'),
    (21, 'ETC'),
    (21, 'APTITUDE_NCS'),
    (21, 'INTERVIEW'),
    (22, 'PROGRAMMING'),
    (23, 'LANGUAGE'),
    (23, 'APTITUDE_NCS'),
    (24, 'LANGUAGE'),
    (24, 'PROGRAMMING'),
    (24, 'APTITUDE_NCS'),
    (24, 'ETC'),
    (25, 'LANGUAGE'),
    (25, 'CERTIFICATION'),
    (25, 'APTITUDE_NCS'),
    (25, 'ETC'),
    (26, 'PROGRAMMING'),
    (26, 'ETC'),
    (26, 'INTERVIEW'),
    (27, 'PROGRAMMING'),
    (27, 'CERTIFICATION'),
    (27, 'INTERVIEW'),
    (28, 'CERTIFICATION'),
    (28, 'APTITUDE_NCS'),
    (28, 'INTERVIEW'),
    (29, 'CERTIFICATION'),
    (29, 'PROGRAMMING'),
    (29, 'ETC'),
    (29, 'APTITUDE_NCS'),
    (29, 'INTERVIEW'),
    (30, 'LANGUAGE'),
    (30, 'CERTIFICATION'),
    (30, 'ETC'),
    (30, 'INTERVIEW'),
    (31, 'LANGUAGE'),
    (31, 'PROGRAMMING'),
    (31, 'APTITUDE_NCS'),
    (32, 'CERTIFICATION'),
    (32, 'PROGRAMMING'),
    (32, 'INTERVIEW'),
    (33, 'LANGUAGE'),
    (33, 'CERTIFICATION'),
    (33, 'PROGRAMMING'),
    (34, 'CERTIFICATION'),
    (34, 'APTITUDE_NCS'),
    (35, 'ETC'),
    (35, 'INTERVIEW'),
    (36, 'APTITUDE_NCS'),
    (37, 'PROGRAMMING'),
    (37, 'APTITUDE_NCS'),
    (37, 'INTERVIEW'),
    (38, 'PROGRAMMING'),
    (38, 'APTITUDE_NCS'),
    (39, 'ETC'),
    (39, 'APTITUDE_NCS'),
    (40, 'LANGUAGE'),
    (40, 'PROGRAMMING'),
    (40, 'ETC'),
    (40, 'INTERVIEW'),
    (41, 'LANGUAGE'),
    (41, 'ETC'),
    (41, 'INTERVIEW'),
    (42, 'PROGRAMMING'),
    (42, 'ETC'),
    (42, 'APTITUDE_NCS'),
    (43, 'LANGUAGE'),
    (43, 'PROGRAMMING'),
    (43, 'CERTIFICATION'),
    (43, 'APTITUDE_NCS'),
    (43, 'ETC'),
    (44, 'CERTIFICATION'),
    (44, 'ETC'),
    (44, 'APTITUDE_NCS'),
    (44, 'INTERVIEW'),
    (45, 'CERTIFICATION'),
    (46, 'CERTIFICATION'),
    (46, 'ETC'),
    (46, 'APTITUDE_NCS'),
    (47, 'PROGRAMMING'),
    (47, 'INTERVIEW'),
    (48, 'ETC'),
    (48, 'INTERVIEW'),
    (49, 'ETC'),
    (50, 'LANGUAGE'),
    (50, 'ETC');



INSERT INTO member_review (reviewee_id, reviewer_id, content, created_at, modified_at)
VALUES
    (1, 8, '스터디 활동에 적극적으로 참여했습니다.', NOW(), NOW()),
    (1, 19, '다른 멤버들을 훌륭하게 이끌었어요.', NOW(), NOW()),
    (1, 39, '스터디에 집중해서 참여했습니다.', NOW(), NOW()),
    (1, 42, '스터디 목표 달성을 위해 노력했습니다.', NOW(), NOW()),
    (2, 11, '스터디 목표 달성을 위해 노력했습니다.', NOW(), NOW()),
    (2, 13, '스터디 모임에 적극적으로 참여했습니다.', NOW(), NOW()),
    (2, 18, '매 순간 집중해서 스터디했습니다.', NOW(), NOW()),
    (3, 31, '팀원들과의 스터디 시간을 잘 활용했어요.', NOW(), NOW()),
    (4, 32, '스터디 활동에 적극적으로 참여했습니다.', NOW(), NOW()),
    (4, 45, '스터디에 집중해서 참여했습니다.', NOW(), NOW()),
    (5, 8, '대단한 열정을 보여줬어요!', NOW(), NOW()),
    (5, 16, '열심히 스터디에 참여했어요!', NOW(), NOW()),
    (6, 4, '포기하지 않고 최선을 다한 흔적이 보여요.', NOW(), NOW()),
    (6, 32, '스터디 모임에 적극적으로 참여했습니다.', NOW(), NOW()),
    (6, 49, '진지하게 스터디에 임한 흔적이 느껴져요.', NOW(), NOW()),
    (7, 29, '대충하지 않고 성실하게 참여했습니다.', NOW(), NOW()),
    (8, 1, '스터디 목표를 달성하기 위해 노력했습니다.', NOW(), NOW()),
    (8, 17, '스터디에서 효과적인 학습 방법을 고민했습니다.', NOW(), NOW()),
    (8, 32, '스터디 과제에 대해 꼼꼼하게 준비했습니다.', NOW(), NOW()),
    (9, 15, '매 순간 집중해서 스터디했습니다.', NOW(), NOW()),
    (9, 32, '진지하게 스터디에 임한 흔적이 느껴져요.', NOW(), NOW()),
    (9, 46, '스터디에서 효과적인 학습 방법을 고민했습니다.', NOW(), NOW()),
    (10, 2, '대충하지 않고 성실하게 참여했습니다.', NOW(), NOW()),
    (10, 5, '스터디 과제에 충실히 참여했습니다.', NOW(), NOW()),
    (10, 48, '많은 아이디어를 제시해줬어요.', NOW(), NOW()),
    (11, 26, '스터디 모임에 적극적으로 참여했습니다.', NOW(), NOW()),
    (11, 27, '포기하지 않고 최선을 다한 흔적이 보여요.', NOW(), NOW()),
    (12, 35, '매 순간 집중해서 스터디했습니다.', NOW(), NOW()),
    (14, 11, '스터디 과제에 대해 꼼꼼하게 준비했습니다.', NOW(), NOW()),
    (14, 37, '스터디 활동에 적극적으로 참여했습니다.', NOW(), NOW()),
    (14, 47, '스터디 모임에 적극적으로 참여했습니다.', NOW(), NOW()),
    (16, 44, '매 순간 집중해서 스터디했습니다.', NOW(), NOW()),
    (17, 1, '스터디 그룹에 높은 참여도를 보였습니다.', NOW(), NOW()),
    (19, 11, '포기하지 않고 최선을 다한 흔적이 보여요.', NOW(), NOW()),
    (19, 15, '많은 아이디어를 제시해줬어요.', NOW(), NOW()),
    (20, 13, '스터디 주제에 대해 깊이있게 공부했습니다.', NOW(), NOW()),
    (22, 7, '다른 멤버들을 훌륭하게 이끌었어요.', NOW(), NOW()),
    (22, 16, '스터디 시간을 효율적으로 활용했습니다.', NOW(), NOW()),
    (23, 10, '스터디 활동에 적극적인 의견을 제시했습니다.', NOW(), NOW()),
    (23, 28, '스터디 과제에 대해 꼼꼼하게 준비했습니다.', NOW(), NOW()),
    (23, 43, '정말 열심히 참여했어요!', NOW(), NOW()),
    (23, 50, '스터디 활동에 적극적으로 참여했습니다.', NOW(), NOW()),
    (24, 33, '팀원들과의 스터디 시간을 잘 활용했어요.', NOW(), NOW()),
    (25, 17, '정말 열심히 참여했어요!', NOW(), NOW()),
    (25, 36, '매 순간 집중해서 스터디했습니다.', NOW(), NOW()),
    (25, 36, '스터디 활동에 성실한 자세를 갖추었습니다.', NOW(), NOW()),
    (26, 25, '매 순간 집중해서 스터디했습니다.', NOW(), NOW()),
    (26, 31, '정말 열심히 참여했어요!', NOW(), NOW()),
    (26, 42, '스터디 목표를 달성하기 위해 노력했습니다.', NOW(), NOW()),
    (26, 47, '스터디 주제에 대해 깊이있게 공부했습니다.', NOW(), NOW()),
    (27, 12, '적극적으로 의견을 내주었습니다.', NOW(), NOW()),
    (29, 7, '스터디 활동에 대한 성실한 자세를 보였습니다.', NOW(), NOW()),
    (29, 7, '스터디 과제에 대해 꼼꼼하게 준비했습니다.', NOW(), NOW()),
    (29, 30, '많은 아이디어를 제시해줬어요.', NOW(), NOW()),
    (30, 5, '스터디에 열정적으로 참여했습니다.', NOW(), NOW()),
    (30, 18, '스터디 시간을 효율적으로 활용했습니다.', NOW(), NOW()),
    (30, 20, '스터디에서 효과적인 학습 방법을 고민했습니다.', NOW(), NOW()),
    (31, 3, '열심히 스터디에 참여했어요!', NOW(), NOW()),
    (32, 25, '스터디 그룹에 높은 참여도를 보였습니다.', NOW(), NOW()),
    (33, 26, '팀원들과의 스터디 시간을 잘 활용했어요.', NOW(), NOW()),
    (33, 26, '스터디에 집중해서 참여했습니다.', NOW(), NOW()),
    (33, 28, '열심히 스터디에 참여했어요!', NOW(), NOW()),
    (33, 34, '포기하지 않고 최선을 다한 흔적이 보여요.', NOW(), NOW()),
    (34, 5, '스터디 주제에 대해 깊이있게 공부했습니다.', NOW(), NOW()),
    (34, 6, '다른 멤버들을 훌륭하게 이끌었어요.', NOW(), NOW()),
    (34, 9, '대충하지 않고 성실하게 참여했습니다.', NOW(), NOW()),
    (34, 20, '매 순간 집중해서 스터디했습니다.', NOW(), NOW()),
    (35, 5, '스터디 목표 달성을 위해 노력했습니다.', NOW(), NOW()),
    (35, 38, '스터디 과제에 충실히 참여했습니다.', NOW(), NOW()),
    (36, 43, '스터디 목표 달성을 위해 노력했습니다.', NOW(), NOW()),
    (37, 35, '포기하지 않고 최선을 다한 흔적이 보여요.', NOW(), NOW()),
    (38, 17, '스터디 활동에 적극적인 의견을 제시했습니다.', NOW(), NOW()),
    (38, 23, '진지하게 스터디에 임한 흔적이 느껴져요.', NOW(), NOW()),
    (38, 25, '스터디 목표 달성을 위해 노력했습니다.', NOW(), NOW()),
    (39, 6, '스터디 활동에 적극적인 의견을 제시했습니다.', NOW(), NOW()),
    (39, 46, '스터디에 집중해서 참여했습니다.', NOW(), NOW()),
    (39, 46, '스터디 시간을 효율적으로 활용했습니다.', NOW(), NOW()),
    (39, 48, '포기하지 않고 최선을 다한 흔적이 보여요.', NOW(), NOW()),
    (40, 15, '진지하게 스터디에 임한 흔적이 느껴져요.', NOW(), NOW()),
    (40, 17, '정말 열심히 참여했어요!', NOW(), NOW()),
    (40, 46, '스터디 목표 달성을 위해 노력했습니다.', NOW(), NOW()),
    (40, 50, '많은 아이디어를 제시해줬어요.', NOW(), NOW()),
    (41, 25, '팀원들과의 스터디 시간을 잘 활용했어요.', NOW(), NOW()),
    (41, 35, '진지하게 스터디에 임한 흔적이 느껴져요.', NOW(), NOW()),
    (41, 46, '스터디 시간을 즐겁게 보낼 수 있었습니다.', NOW(), NOW()),
    (42, 33, '매 순간 집중해서 스터디했습니다.', NOW(), NOW()),
    (42, 38, '적극적으로 의견을 내주었습니다.', NOW(), NOW()),
    (43, 18, '팀원들과의 스터디 시간을 잘 활용했어요.', NOW(), NOW()),
    (43, 41, '스터디 과제에 대해 꼼꼼하게 준비했습니다.', NOW(), NOW()),
    (44, 12, '포기하지 않고 최선을 다한 흔적이 보여요.', NOW(), NOW()),
    (44, 24, '스터디 과제에 대해 꼼꼼하게 준비했습니다.', NOW(), NOW()),
    (44, 33, '스터디에 집중해서 참여했습니다.', NOW(), NOW()),
    (44, 41, '스터디 주제에 대해 깊이있게 공부했습니다.', NOW(), NOW()),
    (45, 2, '스터디에서 효과적인 학습 방법을 고민했습니다.', NOW(), NOW()),
    (45, 40, '스터디에 집중해서 참여했습니다.', NOW(), NOW()),
    (46, 4, '스터디 주제에 대해 깊이있게 공부했습니다.', NOW(), NOW()),
    (46, 9, '스터디 활동에 대한 성실한 자세를 보였습니다.', NOW(), NOW()),
    (46, 13, '적극적으로 의견을 내주었습니다.', NOW(), NOW()),
    (46, 41, '스터디에 집중해서 참여했습니다.', NOW(), NOW()),
    (47, 12, '스터디 시간을 즐겁게 보낼 수 있었습니다.', NOW(), NOW()),
    (47, 24, '스터디 주제에 대해 깊이있게 공부했습니다.', NOW(), NOW()),
    (48, 43, '대단한 열정을 보여줬어요!', NOW(), NOW()),
    (50, 16, '많은 아이디어를 제시해줬어요.', NOW(), NOW()),
    (50, 31, '스터디 활동에 대한 성실한 자세를 보였습니다.', NOW(), NOW()),
    (50, 35, '스터디 활동에 성실한 자세를 갖추었습니다.', NOW(), NOW()),
    (50, 39, '대단한 열정을 보여줬어요!', NOW(), NOW());



INSERT INTO study (id, host_id, name, description, category, image, study_type, province, city, recruitment_status, capacity, is_closed, minimum_attendance, policy_update_chance, created_at, modified_at)
VALUES
    (1, 1, 'Spring World', '<p>스프링 스터디입니다.</p><p>열심히 참여하실분 환영해요</p>', 'PROGRAMMING', 'IMAGE_PROGRAMMING_002', 'ONLINE', null, null, 'IN_PROGRESS', 7, 0, 20, 3, NOW(), NOW()),
    (2, 2, 'Interview World', '<p>카카오 기술 면접 오프라인 스터디입니다.</p>', 'INTERVIEW', 'IMAGE_INTERVIEW_004', 'OFFLINE', '경기도', '성남시', 'IN_PROGRESS', 6, 0, 10, 3, NOW(), NOW()),
    (3, 3, '컴공 정보처리기능사 스터디', '<p>컴공졸업을 위한 정보처리기능사 스터디입니다.</p>', 'CERTIFICATION', 'IMAGE_CERTIFICATION_001', 'ONLINE', null, null, 'IN_PROGRESS', 4, 0, 2, 3, NOW(), NOW()),
    (4, 4, '정보처리기사 스터디', '<p>정보처리기사 한번에 따실 스터디 모집합니다.</p>', 'CERTIFICATION', 'IMAGE_CERTIFICATION_002', 'ONLINE', null, null, 'IN_PROGRESS', 4, 0, 2, 3, NOW(), NOW()),
    (5, 5, '컴활 기필코 딴다', '<p>컴활을 미루고 미루다 이번엔 진짜로 따실 분 모집합니다.</p>', 'CERTIFICATION', 'IMAGE_CERTIFICATION_003', 'ONLINE', null, null, 'IN_PROGRESS', 6, 0, 3, 3, NOW(), NOW()),
    (6, 38, '공무원 한국사 팟', '<p>공무원 때문에 한국사 따시는 분 모집합니다.</p><p>같이 따면서 공무원 얘기도 공유해요</p>', 'CERTIFICATION', 'IMAGE_CERTIFICATION_004', 'OFFLINE', '서울특별시', '용산구', 'IN_PROGRESS', 6, 0, 6, 3, NOW(), NOW()),
    (7, 7, 'GTQ 포토샵', '<p>GTQ 포토샵 한달만에 속성으로 따는 스터디입니다.</p><ul><li>줌으로 해요</li></ul>', 'CERTIFICATION', 'IMAGE_CERTIFICATION_005', 'ONLINE', null, null, 'IN_PROGRESS', 10, 0, 2, 3, NOW(), NOW()),
    (8, 8, '비전공자 정보처리기사 스터디', '<p>비전공자인에 정보처리기사 따시는 분 같이 공부해요</p>', 'CERTIFICATION', 'IMAGE_CERTIFICATION_002', 'ONLINE', null, null, 'IN_PROGRESS', 5, 0, 2, 3, NOW(), NOW()),
    (9, 9, 'GTQiD 인디자인 스터디', '<p>GTQ 인디자인 따시는 분이 주변에 없어서 같이 하고 싶어서 만들었습니다. 온라인으로 진행하고 열심히 해봐요!</p>', 'CERTIFICATION', 'IMAGE_CERTIFICATION_005', 'ONLINE', null, null, 'IN_PROGRESS', 10, 0, 3, 3, NOW(), NOW()),
    (10, 10, '한국사 66회 심화 스터디', '<p>한국사 66회 심화 스터디입니다.</p><p>서울 도봉구에서 진행하려고 해요.</p>', 'CERTIFICATION', 'IMAGE_CERTIFICATION_004', 'OFFLINE', '서울특별시', '도봉구', 'IN_PROGRESS', 4, 0, 2, 3, NOW(), NOW()),
    (11, 11, '컴활 2급 스터디', '<p>1급은 아니고 2급만 필요해서 스터디를 구합니다.</p><p>오프라인으로 만나서 빠르게 따요</p>', 'CERTIFICATION', 'IMAGE_CERTIFICATION_003', 'OFFLINE', '서울특별시', '강남구', 'IN_PROGRESS', 6, 0, 2, 3, NOW(), NOW()),
    (12, 12, '경기대 정보처리기사 졸업자격증 스터디', '<p>경기대에서 정보처리기사 같이 준비하실분</p>', 'CERTIFICATION', 'IMAGE_CERTIFICATION_002', 'OFFLINE', '경기도', '수원시', 'IN_PROGRESS', 10, 0, 2, 3, NOW(), NOW()),
    (13, 13, '컴활 1급 필기 스터디', '<p>1급 필기를 자꾸 미루어서 같이 준비하려고 만들었습니다.</p>', 'CERTIFICATION', 'IMAGE_CERTIFICATION_003', 'ONLINE', null, null, 'IN_PROGRESS', 5, 0, 2, 3, NOW(), NOW()),
    (14, 14, '컴공 비전공자 정보처리기능사', '<p>최근에 관심이 생겨서 같이 준비해보고 싶어서 만들었습니다.</p><p>많이 지원해주세요</p>', 'CERTIFICATION', 'IMAGE_CERTIFICATION_001', 'ONLINE', null, null, 'IN_PROGRESS', 5, 0, 5, 3, NOW(), NOW()),
    (15, 15, '삼성 SW직무 면접 스터디', '<p>SW마지막 면접 스터디를 구하려고 합니다.</p>', 'INTERVIEW', 'IMAGE_INTERVIEW_001', 'OFFLINE', '서울특별시', '종로구', 'IN_PROGRESS', 4, 0, 2, 3, NOW(), NOW()),
    (16, 16, 'LG전자 기술면접스터디', '<p>막막해서 구합니다.</p><p>같이 할 사람이 없어서 잘 아시는 분이면 좋겠어요</p>', 'INTERVIEW', 'IMAGE_INTERVIEW_003', 'OFFLINE', '서울특별시', '종로구', 'IN_PROGRESS', 5, 0, 2, 3, NOW(), NOW()),
    (17, 17, '삼성 경영지원 면접 스터디', '<p>경영지원 최종 면접 같이 준비해요</p>', 'INTERVIEW', 'IMAGE_INTERVIEW_001', 'OFFLINE', '서울특별시', '중구', 'IN_PROGRESS', 4, 0, 2, 3, NOW(), NOW()),
    (18, 18, '삼성 SW개발 기술면접 스터디', '<p>SW개발 지원하신분 기술면접 같이 스터디해요</p>', 'INTERVIEW', 'IMAGE_INTERVIEW_001', 'OFFLINE', '서울특별시', '용산구', 'IN_PROGRESS', 6, 0, 2, 3, NOW(), NOW()),
    (19, 19, 'LG 해외엽업 면접 스터디', '<p>이번 공채 해외영업 면접 스터디 함께 준비해요</p>', 'INTERVIEW', 'IMAGE_INTERVIEW_003', 'OFFLINE', '서울특별시', '성동구', 'IN_PROGRESS', 4, 0, 2, 3, NOW(), NOW()),
    (20, 20, '삼성SDI 소재/셀 개발 면접 스터디', '<p>이번 공채 최종 면접 스터디같이 하실 분 구해요</p>', 'INTERVIEW', 'IMAGE_INTERVIEW_001', 'OFFLINE', '서울특별시', '성동구', 'IN_PROGRESS', 8, 0, 2, 3, NOW(), NOW()),
    (21, 21, '삼성전자 대학생 인턴 면접스터디', '<p>제가 처음으로 붙어서 스터디를 할 줄 잘 모르는데, 잘 아시는 분과 같이 스터디하고 싶어서 만들었어요</p><p>서울 동대문구에서 같이 해요</p>', 'INTERVIEW', 'IMAGE_INTERVIEW_001', 'OFFLINE', '서울특별시', '동대문구', 'IN_PROGRESS', 4, 0, 2, 3, NOW(), NOW()),
    (22, 22, '삼성공채 국내영업 면접 스터디', '<p>이번 신입 공채 국내영업 파트 지원하신 분 같이 면접 스터디해요.</p>', 'INTERVIEW', 'IMAGE_INTERVIEW_001', 'OFFLINE', '서울특별시', '중랑구', 'IN_PROGRESS', 4, 0, 2, 3, NOW(), NOW()),
    (23, 6, '백준 하루 하나 푸는 스터디', '<p>오래된 스터디로 운영 노하우가 많은 스터디에요</p><p>여기서 같이 코테 준비해봐요</p>', 'PROGRAMMING', 'IMAGE_PROGRAMMING_005', 'ONLINE', null, null, 'IN_PROGRESS', 10, 0, 6, 3, NOW(), NOW()),
    (24, 24, 'LG전자 온라인 면접 스터디', '<p>제가 지방에 살아서 온라인으로 면접 스터디하실 분 모집합니다.</p>', 'INTERVIEW', 'IMAGE_INTERVIEW_003', 'ONLINE', null, null, 'IN_PROGRESS', 6, 0, 2, 3, NOW(), NOW()),
    (25, 25, '삼성전자 회로개발 면접 스터디', '<p>회로개발분야 지원하신분 같이 면접 준비해요.</p>', 'INTERVIEW', 'IMAGE_INTERVIEW_001', 'OFFLINE', '서울특별시', '노원구', 'IN_PROGRESS', 4, 0, 2, 3, NOW(), NOW()),
    (26, 26, '한국사 기본 준비하는 스터디', '<p>한국사 심화말고 기본 준비하시는 분 많이 지원해주세요</p>', 'CERTIFICATION', 'IMAGE_CERTIFICATION_004', 'OFFLINE', '서울특별시', '영등포구', 'IN_PROGRESS', 7, 0, 2, 3, NOW(), NOW()),
    (27, 27, '삼성전자 반도체 면접 준비 스터디', '<p>주변에 같이 준비할 사람이 없어서 여기서 구해봅니다.</p><p>같이 열심히 해봐요 :)</p>', 'INTERVIEW', 'IMAGE_INTERVIEW_001', 'OFFLINE', '서울특별시', '서초구', 'IN_PROGRESS', 4, 0, 2, 3, NOW(), NOW()),
    (28, 28, '삼성전자 영업마케팅 면접 준비', '<p>영업마케팅 준비하시는 분 있으신가요</p><p>같이 면접 준비해요</p>', 'INTERVIEW', 'IMAGE_INTERVIEW_001', 'OFFLINE', '인천광역시', '중구', 'IN_PROGRESS', 9, 0, 2, 3, NOW(), NOW()),
    (29, 29, 'IELTS 스터디 모집합니다', '<p>영국 준비하시는 분 같이 준비도 하고 영국에 대한 정보 공유도 해요</p>', 'LANGUAGE', 'IMAGE_LANGUAGE_001', 'OFFLINE', '경기도', '수원시', 'IN_PROGRESS', 4, 0, 2, 3, NOW(), NOW()),
    (30, 30, 'JLPT N1 스터디', '<p>JLPT스터디입니다</p>', 'LANGUAGE', 'IMAGE_LANGUAGE_002', 'OFFLINE', '충청북도', '청주시', 'COMPLETE', 6, 0, 2, 3, NOW(), NOW()),
    (31, 31, 'JPT 600점 목표 스터디', '<p>600점을 목표로 함께할 스터디원 모집합니다</p>', 'LANGUAGE', 'IMAGE_LANGUAGE_003', 'OFFLINE', '경상남도', '창원시', 'IN_PROGRESS', 4, 0, 2, 3, NOW(), NOW()),
    (32, 32, '오픽 AL 준비 스터디', '<p>오픽 AL을 목표로하실 분 모집합니다. 많이 지원해주세여</p>', 'LANGUAGE', 'IMAGE_LANGUAGE_004', 'ONLINE', null, null, 'IN_PROGRESS', 5, 0, 2, 3, NOW(), NOW()),
    (33, 33, '텝스 600점 목표 스터디', '<p>함께 도전하실 분 찾아요</p>', 'LANGUAGE', 'IMAGE_LANGUAGE_005', 'ONLINE', null, null, 'IN_PROGRESS', 5, 0, 2, 3, NOW(), NOW()),
    (34, 34, '토플 만점 목표 스터디', '<p>토플 만점 함께 찍으실 분</p>', 'LANGUAGE', 'IMAGE_LANGUAGE_006', 'ONLINE', null, null, 'IN_PROGRESS', 4, 0, 2, 3, NOW(), NOW()),
    (35, 35, '토익 만점팟', '<p>토익 만점을 한 번 찍고 싶으신 분 이 스터디에서 함께하세요</p>', 'LANGUAGE', 'IMAGE_LANGUAGE_007', 'ONLINE', null, null, 'IN_PROGRESS', 4, 0, 2, 3, NOW(), NOW()),
    (36, 36, 'IELTS 6.0 목표 스터디', '<p>더도말고 덜도말고 6.0을 목표로하시는 분 많이 지원해주세여</p>', 'LANGUAGE', 'IMAGE_LANGUAGE_001', 'OFFLINE', '대구광역시', '중구', 'COMPLETE', 7, 0, 2, 3, NOW(), NOW()),
    (37, 37, '토익 800점 목표로 하시는 분', '<p>같이 준비해요</p>', 'LANGUAGE', 'IMAGE_LANGUAGE_007', 'OFFLINE', '경상북도', '포항시', 'IN_PROGRESS', 10, 0, 2, 3, NOW(), NOW()),
    (38, 6, '교환학생 토플 준비', '<p>교환학생 때문에 토플 준비하시는 분 같이해요.</p><p>하면서 교환학생 정보도 같이 공유해요</p>', 'LANGUAGE', 'IMAGE_LANGUAGE_006', 'OFFLINE', '서울특별시', '서대문구', 'COMPLETE', 5, 0, 2, 3, NOW(), NOW()),
    (39, 39, 'JLPT N3 스터디', '<p>JLPT N3 준비하시는 분 많이 지원해주세요</p>', 'LANGUAGE', 'IMAGE_LANGUAGE_002', 'ONLINE', null, null, 'IN_PROGRESS', 10, 0, 4, 3, NOW(), NOW()),
    (40, 40, '삼성 오픽 준비하는 스터디', '<p>삼성 오픽 3급 준비하는 스터디입니다</p>', 'LANGUAGE', 'IMAGE_LANGUAGE_004', 'OFFLINE', '경기도', '수원시', 'IN_PROGRESS', 4, 0, 2, 3, NOW(), NOW()),
    (41, 41, '토익 700 준비', '<p>토익 700점 준비하시는 분ㅠㅠㅠ</p>', 'LANGUAGE', 'IMAGE_LANGUAGE_007', 'OFFLINE', '울산광역시', '중구', 'COMPLETE', 4, 0, 2, 3, NOW(), NOW()),
    (42, 42, '텝스265점 스터디', '<p>텝스 265점을 목표로 하시는 많은 분 모집합니다</p>', 'LANGUAGE', 'IMAGE_LANGUAGE_005', 'OFFLINE', '강원도', '춘천시', 'IN_PROGRESS', 7, 0, 2, 3, NOW(), NOW()),
    (43, 43, '토익 900점 목표팟', '<p>토익 900점을 목표로 하는 스터디입니다</p>', 'LANGUAGE', 'IMAGE_LANGUAGE_007', 'ONLINE', null, null, 'IN_PROGRESS', 5, 0, 2, 3, NOW(), NOW()),
    (44, 44, '수원시 IELTS 6.5 스터디', '<p>6.5준비하는 스터디입니다</p>', 'LANGUAGE', 'IMAGE_LANGUAGE_001', 'OFFLINE', '경기도', '수원시', 'IN_PROGRESS', 4, 0, 2, 3, NOW(), NOW()),
    (45, 45, '토플 90점 스터디', '<p>토플 90점을 목표로 하는 스터디입니다</p>', 'LANGUAGE', 'IMAGE_LANGUAGE_006', 'OFFLINE', '세종특별자치시', '세종특별차지시', 'COMPLETE', 5, 0, 2, 3, NOW(), NOW()),
    (46, 46, '토플 처음 준비하시는 분', '<p>같이 준비해요</p>', 'LANGUAGE', 'IMAGE_LANGUAGE_006', 'OFFLINE', '전라북도', '전주시', 'IN_PROGRESS', 6, 0, 2, 3, NOW(), NOW()),
    (47, 47, 'C언어 처음 공부하는 스터디', '<p>C언어로 처음 컴공을 준비해보는 스터디이니다</p>', 'PROGRAMMING', 'IMAGE_PROGRAMMING_001', 'ONLINE', null, null, 'IN_PROGRESS', 4, 0, 2, 3, NOW(), NOW()),
    (48, 48, 'JAVA 문법 공부 스터디', '<p>JAVA를 처음 배워보는</p>', 'PROGRAMMING', 'IMAGE_PROGRAMMING_002', 'ONLINE', null, null, 'IN_PROGRESS', 4, 0, 2, 3, NOW(), NOW()),
    (49, 49, '자바스크립트 면접 대비 스터디', '<p>자바스크립트에 대해 물어보는 면접을 대비하기 위한 스터디입니다</p>', 'PROGRAMMING', 'IMAGE_PROGRAMMING_003', 'OFFLINE', '서울특별시', '강남구', 'IN_PROGRESS', 7, 0, 2, 3, NOW(), NOW()),
    (50, 50, '파이썬 공부 스터디', '<p>파이썬 기본 문법을 공부하는 스터디입니다</p>', 'PROGRAMMING', 'IMAGE_PROGRAMMING_004', 'ONLINE', null, null, 'IN_PROGRESS', 4, 0, 2, 3, NOW(), NOW()),
    (51, 1, '백준 골드 찍기 스터디', '<p>백준 골드를 찍어보고싶으신 분 같이 해봐요</p>', 'PROGRAMMING', 'IMAGE_PROGRAMMING_005', 'ONLINE', null, null, 'IN_PROGRESS', 10, 0, 2, 3, NOW(), NOW()),
    (52, 2, 'CSS 정점 찍기 스터디', '<p>CSS로 할 수 있는 건 다 해보는 스터디입니다</p>', 'PROGRAMMING', 'IMAGE_PROGRAMMING_006', 'ONLINE', null, null, 'IN_PROGRESS', 8, 0, 2, 3, NOW(), NOW()),
    (53, 3, 'HTML처음 배워봐요', '<p>처음하는데 같이 코딩 공부해보실 분 많이 지원해주세요</p>', 'PROGRAMMING', 'IMAGE_PROGRAMMING_007', 'ONLINE', null, null, 'IN_PROGRESS', 7, 0, 2, 3, NOW(), NOW()),
    (54, 4, 'C로 자료구조 공부하는 스터디', '<p>C로 자료구조 기초를 하나씩 만들어보는 스터디입니다</p>', 'PROGRAMMING', 'IMAGE_PROGRAMMING_001', 'ONLINE', null, null, 'IN_PROGRESS', 10, 0, 2, 3, NOW(), NOW()),
    (55, 5, '자바 스프링 스터디', '<p>자바 스프링을 공부해보실 분 많이 지원해주세요</p>', 'PROGRAMMING', 'IMAGE_PROGRAMMING_002', 'ONLINE', null, null, 'IN_PROGRESS', 10, 0, 2, 3, NOW(), NOW()),
    (56, 23, '자바 스프링을 더 깊게 파는 스터디', '<p>스프링을 공부하는데 더 깊게 파고 싶은 분 많이 지원해주세요</p>', 'PROGRAMMING', 'IMAGE_PROGRAMMING_002', 'ONLINE', null, null, 'IN_PROGRESS', 10, 0, 2, 3, NOW(), NOW()),
    (57, 7, '파이썬으로 딥러닝 스터디', '<p>파이썬으로 딥러닝 같이 공부하실 분 지원해주세요</p>', 'PROGRAMMING', 'IMAGE_PROGRAMMING_004', 'ONLINE', null, null, 'IN_PROGRESS', 6, 0, 2, 3, NOW(), NOW()),
    (58, 8, '토익 850점 스터디', '<p>토플 100점 목표로하는 스터이입니다</p>', 'LANGUAGE', 'IMAGE_LANGUAGE_007', 'OFFLINE', '충청북도', '청주시', 'IN_PROGRESS', 4, 0, 2, 3, NOW(), NOW()),
    (59, 9, 'NCS 스터디', '<p>NCS 스터디입니다</p>', 'APTITUDE_NCS', 'IMAGE_INTERVIEW_004', 'OFFLINE', '서울특별시', '강서구', 'IN_PROGRESS', 6, 0, 2, 3, NOW(), NOW()),
    (60, 10, 'HMAT', '<p>HMAT 스터디입니다</p>', 'APTITUDE_NCS', 'IMAGE_INTERVIEW_002', 'OFFLINE', '서울특별시', '은평구', 'IN_PROGRESS', 5, 0, 2, 3, NOW(), NOW()),
    (61, 11, '삼성 인적성', '<p>삼성 인적성 같이 준비하는 스터딩빈다</p>', 'APTITUDE_NCS', 'IMAGE_INTERVIEW_004', 'OFFLINE', '서울특별시', '양천구', 'IN_PROGRESS', 7, 0, 4, 3, NOW(), NOW()),
    (62, 12, 'GSAT 스터디', '<p>GSAT 스터디입니다</p>', 'APTITUDE_NCS', 'IMAGE_INTERVIEW_001', 'OFFLINE', '서울특별시', '영등포구', 'IN_PROGRESS', 4, 0, 2, 3, NOW(), NOW()),
    (63, 13, 'LG way fit test 스터디', '<p>같이 준비하실분 많이 지원해주세요</p>', 'APTITUDE_NCS', 'IMAGE_INTERVIEW_003', 'OFFLINE', '서울특별시', '송파구', 'IN_PROGRESS', 4, 0, 2, 3, NOW(), NOW()),
    (64, 14, '삼성 인적성 스터디', '<p>삼성 인적성 스터디 같이 하실 분 모집합니다</p>', 'APTITUDE_NCS', 'IMAGE_INTERVIEW_001', 'ONLINE', null, null, 'IN_PROGRESS', 7, 0, 4, 3, NOW(), NOW()),
    (65, 15, '직업기초능력 ncs 스터디', '<p>ncs스터디입니다</p>', 'APTITUDE_NCS', 'IMAGE_INTERVIEW_004', 'OFFLINE', '경기도', '수원시', 'IN_PROGRESS', 4, 0, 2, 3, NOW(), NOW()),
    (66, 16, '강남구 LG 인적성', '<p>LG 인적성 스터디입니다</p>', 'APTITUDE_NCS', 'IMAGE_INTERVIEW_003', 'OFFLINE', '서울특별시', '강남구', 'IN_PROGRESS', 5, 0, 1, 3, NOW(), NOW()),
    (67, 17, 'GSAT 부산 스터디', '<p>부산에서 GSAT같이 준비해요</p>', 'APTITUDE_NCS', 'IMAGE_INTERVIEW_001', 'OFFLINE', '부산광역시', '해운대구', 'IN_PROGRESS', 4, 0, 2, 3, NOW(), NOW()),
    (68, 18, '공기업 NCS 스터디', '<p>NCS스터디입니다</p>', 'APTITUDE_NCS', 'IMAGE_INTERVIEW_004', 'OFFLINE', '서울특별시', '강동구', 'IN_PROGRESS', 7, 0, 2, 3, NOW(), NOW()),
    (69, 19, '삼성 인적성 GSAT 스터디', '<p>GSAT스터디입니다 많이 지원해주세여</p>', 'APTITUDE_NCS', 'IMAGE_INTERVIEW_001', 'OFFLINE', '서울특별시', '동대문구', 'IN_PROGRESS', 4, 0, 2, 3, NOW(), NOW()),
    (70, 20, 'LG인적성', '<p>LG인적성 같이 스터디해요</p>', 'APTITUDE_NCS', 'IMAGE_INTERVIEW_003', 'ONLINE', null, null, 'IN_PROGRESS', 6, 0, 2, 3, NOW(), NOW()),
    (71, 21, '인공지능 공부', '<p>인공지능을 혼자 공부하기 막막해서 만들었어요. 같이 공부해요 ㅠㅠ</p>', 'ETC', 'IMAGE_PROGRAMMING_004', 'ONLINE', null, null, 'IN_PROGRESS', 4, 0, 2, 3, NOW(), NOW()),
    (72, 22, '파이썬으로 알고리즘', '<p>파이썬으로 알고리즘 공부하실 분 많이 지원해주세요</p>', 'APTITUDE_NCS', 'IMAGE_PROGRAMMING_004', 'ONLINE', null, null, 'IN_PROGRESS', 5, 0, 2, 3, NOW(), NOW()),
    (73, 23, '삼성 기업 분석 스터디', '<p>파란피가 되는 날까지</p>', 'ETC', 'IMAGE_INTERVIEW_001', 'ONLINE', null, null, 'IN_PROGRESS', 4, 0, 2, 3, NOW(), NOW()),
    (74, 24, 'LG 기업분석', '<p>LG 기업분석 스터디입니다</p>', 'ETC', 'IMAGE_INTERVIEW_003', 'ONLINE', null, null, 'IN_PROGRESS', 8, 0, 2, 3, NOW(), NOW()),
    (75, 25, '한국사 덕후 스터디', '<p>한국사를 깊게 팔 분 모집해요</p>', 'ETC', 'IMAGE_CERTIFICATION_004', 'ONLINE', null, null, 'IN_PROGRESS', 4, 0, 2, 3, NOW(), NOW()),
    (76, 26, '현대 기업분석', '<p>현재 기업분석스터디입니다</p>', 'ETC', 'IMAGE_INTERVIEW_002', 'OFFLINE', '서울특별시', '은평구', 'IN_PROGRESS', 4, 0, 2, 3, NOW(), NOW()),
    (77, 27, '삼성 반도체 직무 기업분석', '<p>반도체 직무 준비하시는 분 같이 기업분석해요</p>', 'ETC', 'IMAGE_INTERVIEW_001', 'ONLINE', null, null, 'IN_PROGRESS', 10, 0, 2, 3, NOW(), NOW()),
    (78, 28, '부산에서 삼성 기업분석 스터디', '<p>부산에서 같이 삼성 기업분석해요</p>', 'ETC', 'IMAGE_INTERVIEW_001', 'OFFLINE', '부산광역시', '중구', 'IN_PROGRESS', 4, 0, 2, 3, NOW(), NOW()),
    (79, 29, '삼성 마케팅 직무 기업분석', '<p>마케팅 직무 준비하시는 분 같이 기업분석해요</p>', 'ETC', 'IMAGE_INTERVIEW_001', 'OFFLINE', '서울특별시', '금천구', 'IN_PROGRESS', 5, 0, 2, 3, NOW(), NOW()),
    (80, 30, '알고리즘 공부', '<p>파이썬으로 알고리즘 공부</p><p>알고리즘 같이 연구하고싶은 분</p>', 'ETC', 'IMAGE_PROGRAMMING_004', 'ONLINE', null, null, 'IN_PROGRESS', 4, 0, 2, 3, NOW(), NOW()),
    (81, 31, '한국사 & 공무원 9급 일반행정', '<p>혼자 독학으로 하는데 게을러져서 같이 공부하실 분 모집해요</p>', 'ETC', 'IMAGE_CERTIFICATION_004', 'OFFLINE', '서울특별시', '강북구', 'IN_PROGRESS', 6, 0, 2, 3, NOW(), NOW()),
    (82, 32, '서귀포시 삼성 기업분석 스터디', '<p>서귀포시에서 같이 삼성 준비하시는 분 환영해요</p>', 'ETC', 'IMAGE_INTERVIEW_001', 'OFFLINE', '제주특별자치도', '서귀포시', 'IN_PROGRESS', 4, 0, 2, 3, NOW(), NOW()),
    (83, 33, '삼성 회계분석 스터디', '<p>삼성 회계분석 같이 하실분 많이 지원해주세요</p>', 'ETC', 'IMAGE_INTERVIEW_001', 'ONLINE', null, null, 'IN_PROGRESS', 5, 0, 2, 3, NOW(), NOW()),
    (84, 34, 'LG전자 기업분석', '<p>LG전자 기업분석 같이 하실분 많이 지원해주세요</p>', 'ETC', 'IMAGE_INTERVIEW_003', 'OFFLINE', '경기도', '하남시', 'IN_PROGRESS', 4, 0, 2, 3, NOW(), NOW());



INSERT INTO study_week (id, study_id, creator_id, week, title, content, start_date, end_date, is_assignment_exists, is_auto_attendance, created_at, modified_at)
VALUES
    (1, 1, 1, 1, 'Week 1', '<p>아래 링크에서 이번주 과제를 확인하세요</p><a href="https://www.notion.so/2023-efb0f1490e4746ea899456da70a6fc22">링크</a>', '2023-05-30 09:42:17', '2023-06-05 09:42:17', 0, 0, '2023-06-06 09:42:17', '2023-06-06 09:42:17'),
    (2, 1, 1, 2, 'Week 2', '<p>아래 링크에서 이번주 과제를 확인하세요</p><a href="https://www.notion.so/2023-efb0f1490e4746ea899456da70a6fc22">링크</a>', '2023-06-05 09:42:17', '2023-06-12 09:42:17', 0, 0, '2023-06-06 09:42:17', '2023-06-06 09:42:17'),
    (3, 2, 2, 1, 'Week 1', '<p>아래 링크에서 이번주 진행사항을 확인하세요</p><a href="https://www.notion.so/2023-efb0f1490e4746ea899456da70a6fc22">링크</a>', '2023-05-22 09:42:17', '2023-05-29 09:42:17', 0, 0, '2023-06-06 09:42:17', '2023-06-06 09:42:17'),
    (4, 2, 2, 2, 'Week 2', '<p>아래 링크에서 이번주 진행사항을 확인하세요</p><a href="https://www.notion.so/2023-efb0f1490e4746ea899456da70a6fc22">링크</a>', '2023-05-29 09:42:17', '2023-06-05 09:42:17', 0, 0, '2023-06-06 09:42:17', '2023-06-06 09:42:17'),
    (5, 2, 2, 3, 'Week 3', '<p>아래 링크에서 이번주 진행사항을 확인하세요</p><a href="https://www.notion.so/2023-efb0f1490e4746ea899456da70a6fc22">링크</a>', '2023-06-06 09:42:17', '2023-06-13 09:42:17', 0, 0, '2023-06-06 09:42:17', '2023-06-06 09:42:17'),
    (7, 38, 6, 1, '1주차 라이팅', '<p>1주차는 가볍게 라이팅 공부하는 날입니다.</p><p>시작할 때 단어 테스트하고, 라이팅 공부하겠습니다.</p><p>&nbsp,</p><p>과제 : 첨부파일 속 영어단어 외워오기</p>', '2023-06-06 20:39:00', '2023-06-13 00:00:00', 1, 1, '2023-06-06 20:42:58', '2023-06-06 20:42:58'),
    (8, 38, 6, 2, '2주차 스피킹', '<p>2주차는 스피킹 공부하는 날입니다.</p><p>어김없이 단어 공부해오시면 되고, 추가적으로 스피킹 p.44~56 문제 풀어오시면 됩니다.</p><p>&nbsp,</p><ul><li>과제: 단어 외우기 + 문제풀어오기</li></ul>', '2023-06-13 00:00:00', '2023-06-20 00:00:00', 1, 1, '2023-06-06 20:48:37', '2023-06-06 20:48:37'),
    (9, 38, 6, 3, '3주차 리스닝', '<p>될때까지 화이팅입니다</p><ul><li>장소: 강남역 11번출구 앞 00스터디룸</li><li>과제: 단어 외워오기</li></ul>', '2023-06-20 00:00:00', '2023-06-27 00:00:00', 1, 1, '2023-06-06 22:55:35', '2023-06-06 22:55:35'),
    (10, 23, 6, 1, '6/6', '<ul><li>푼 링크를 첨부하시면 됩니다.</li></ul>', '2023-06-06 00:00:00', '2023-06-06 23:30:00', 1, 1, '2023-06-06 22:58:02', '2023-06-06 22:58:02'),
    (11, 23, 6, 2, '6/7', '<p>3857번 풀기</p>', '2023-06-06 23:33:00', '2023-06-07 00:00:00', 1, 1, '2023-06-06 23:33:57', '2023-06-06 23:33:57'),
    (12, 23, 6, 3, '6/8', '<p>7457번 풀기</p>', '2023-06-06 23:33:00', '2023-06-08 00:00:00', 1, 1, '2023-06-06 23:34:11', '2023-06-06 23:34:11'),
    (13, 23, 6, 4, '6/9', '<p>75번 풀기</p>', '2023-06-06 23:34:00', '2023-06-09 00:00:00', 1, 1, '2023-06-06 23:34:33', '2023-06-06 23:34:33'),
    (14, 23, 6, 5, '6/10', '<p>4215번 풀기</p>', '2023-06-06 23:34:00', '2023-06-10 00:00:00', 1, 1, '2023-06-06 23:34:45', '2023-06-06 23:34:45'),
    (15, 3, 3, 1, '1주차 과제 안내', '<p>1주차 과제입니다.</p><p>아래 첨부파일을 참고하셔서 기간내에 제출해주시기 바랍니다.</p>', '2023-06-04 00:00:00', '2023-06-11 00:00:00', 1, 1, '2023-06-11 11:26:36', '2023-06-11 11:26:36'),
    (16, 3, 3, 2, '2주차 과제 안내', '<p>2주차 과제입니다.</p><p>첨부파일을 참고하여서 기간안에 제출하여주시기 바랍니다.</p>', '2023-06-11 11:26:00', '2023-06-18 00:00:00', 1, 1, '2023-06-11 11:27:22', '2023-06-11 11:27:22'),
    (17, 3, 3, 3, '3주차 과제 안내', '<p>3주차 과제입니다</p><p>첨부파일을 참고하셔서 기한안에 제출하여주시기 바랍니다</p>', '2023-06-18 00:00:00', '2023-06-25 00:00:00', 1, 1, '2023-06-11 11:32:55', '2023-06-11 11:32:55'),
    (18, 4, 4, 1, '1주차 스터디', '<ul><li>일시 : 06.05 &nbsp,14:00시</li><li>장소: &nbsp,줌</li></ul><p>과제 기간안에 제출해보고 스터디 날 뵙겠습니다 :)</p>', '2023-06-05 00:00:00', '2023-06-11 00:00:00', 1, 1, '2023-06-11 13:09:46', '2023-06-11 13:09:46'),
    (19, 4, 4, 2, '2주차 스터디', '<ul><li>일시 : 06.12 &nbsp,14:00시</li><li>장소: &nbsp,구글미트</li></ul><p>과제 기간안에 제출해보고 스터디 날에 뵙겠습니다 :)</p><p>화이팅입니다!</p>', '2023-06-12 00:00:00', '2023-06-18 00:00:00', 1, 1, '2023-06-11 13:13:31', '2023-06-11 13:13:31'),
    (20, 5, 5, 1, '1주차 스터디', '<ul><li>일시 : 06.05 &nbsp,14:00시</li><li>장소: &nbsp,줌</li></ul><p>과제 기간안에 제출해보고 스터디 날 뵙겠습니다 :)</p>', '2023-06-05 00:00:00', '2023-06-11 00:00:00', 1, 1, '2023-06-11 13:09:46', '2023-06-11 13:09:46'),
    (21, 5, 5, 2, '2주차 스터디', '<ul><li>일시 : 06.12 &nbsp,14:00시</li><li>장소: &nbsp,구글미트</li></ul><p>과제 기간안에 제출해보고 스터디 날에 뵙겠습니다 :)</p><p>화이팅입니다!</p>', '2023-06-12 00:00:00', '2023-06-18 00:00:00', 1, 1, '2023-06-11 13:13:31', '2023-06-11 13:13:31'),
    (22, 48, 48, 1, '1주차 스터디', '<ul><li>일시 : 06.05 &nbsp,14:00시</li><li>장소: &nbsp,줌</li></ul><p>과제 기간안에 제출해보고 스터디 날 뵙겠습니다 :)</p>', '2023-06-05 00:00:00', '2023-06-11 00:00:00', 1, 1, '2023-06-11 13:09:46', '2023-06-11 13:09:46'),
    (23, 48, 48, 2, '2주차 스터디', '<ul><li>일시 : 06.12 &nbsp,14:00시</li><li>장소: &nbsp,구글미트</li></ul><p>과제 기간안에 제출해보고 스터디 날에 뵙겠습니다 :)</p><p>화이팅입니다!</p>', '2023-06-12 00:00:00', '2023-06-18 00:00:00', 1, 1, '2023-06-11 13:13:31', '2023-06-11 13:13:31'),
    (24, 49, 49, 1, '1주차 스터디', '<ul><li>일시 : 06.05 &nbsp,14:00시</li><li>장소: &nbsp,줌</li></ul><p>과제 기간안에 제출해보고 스터디 날 뵙겠습니다 :)</p>', '2023-06-05 00:00:00', '2023-06-11 00:00:00', 1, 1, '2023-06-11 13:09:46', '2023-06-11 13:09:46'),
    (25, 49, 49, 2, '2주차 스터디', '<ul><li>일시 : 06.12 &nbsp,14:00시</li><li>장소: &nbsp,구글미트</li></ul><p>과제 기간안에 제출해보고 스터디 날에 뵙겠습니다 :)</p><p>화이팅입니다!</p>', '2023-06-12 00:00:00', '2023-06-18 00:00:00', 1, 1, '2023-06-11 13:13:31', '2023-06-11 13:13:31'),
    (26, 50, 50, 1, '1주차 스터디', '<ul><li>일시 : 06.05 &nbsp,14:00시</li><li>장소: &nbsp,줌</li></ul><p>과제 기간안에 제출해보고 스터디 날 뵙겠습니다 :)</p>', '2023-06-05 00:00:00', '2023-06-11 00:00:00', 1, 1, '2023-06-11 13:09:46', '2023-06-11 13:09:46'),
    (27, 50, 50, 2, '2주차 스터디', '<ul><li>일시 : 06.12 &nbsp,14:00시</li><li>장소: &nbsp,구글미트</li></ul><p>과제 기간안에 제출해보고 스터디 날에 뵙겠습니다 :)</p><p>화이팅입니다!</p>', '2023-06-12 00:00:00', '2023-06-18 00:00:00', 1, 1, '2023-06-11 13:13:31', '2023-06-11 13:13:31'),
    (28, 51, 1, 1, '1주차 스터디', '<ul><li>일시 : 06.05 &nbsp,14:00시</li><li>장소: &nbsp,줌</li></ul><p>과제 기간안에 제출해보고 스터디 날 뵙겠습니다 :)</p>', '2023-06-05 00:00:00', '2023-06-11 00:00:00', 1, 1, '2023-06-11 13:09:46', '2023-06-11 13:09:46'),
    (29, 51, 1, 2, '2주차 스터디', '<ul><li>일시 : 06.12 &nbsp,14:00시</li><li>장소: &nbsp,구글미트</li></ul><p>과제 기간안에 제출해보고 스터디 날에 뵙겠습니다 :)</p><p>화이팅입니다!</p>', '2023-06-12 00:00:00', '2023-06-18 00:00:00', 1, 1, '2023-06-11 13:13:31', '2023-06-11 13:13:31'),
    (30, 82, 32, 1, '1주차 스터디', '<ul><li>일시 : 06.05 &nbsp,14:00시</li><li>장소: &nbsp,줌</li></ul><p>과제 기간안에 제출해보고 스터디 날 뵙겠습니다 :)</p>', '2023-06-05 00:00:00', '2023-06-11 00:00:00', 1, 1, '2023-06-11 13:09:46', '2023-06-11 13:09:46'),
    (31, 82, 32, 2, '2주차 스터디', '<ul><li>일시 : 06.12 &nbsp,14:00시</li><li>장소: &nbsp,구글미트</li></ul><p>과제 기간안에 제출해보고 스터디 날에 뵙겠습니다 :)</p><p>화이팅입니다!</p>', '2023-06-12 00:00:00', '2023-06-18 00:00:00', 1, 1, '2023-06-11 13:13:31', '2023-06-11 13:13:31'),
    (32, 21, 21, 1, '1주차 스터디', '<ul><li>일시 : 06.05 &nbsp,14:00시</li><li>장소: &nbsp,줌</li></ul><p>과제 기간안에 제출해보고 스터디 날 뵙겠습니다 :)</p>', '2023-06-05 00:00:00', '2023-06-11 00:00:00', 1, 1, '2023-06-11 13:09:46', '2023-06-11 13:09:46'),
    (33, 21, 21, 2, '2주차 스터디', '<ul><li>일시 : 06.12 &nbsp,14:00시</li><li>장소: &nbsp,구글미트</li></ul><p>과제 기간안에 제출해보고 스터디 날에 뵙겠습니다 :)</p><p>화이팅입니다!</p>', '2023-06-12 00:00:00', '2023-06-18 00:00:00', 1, 1, '2023-06-11 13:13:31', '2023-06-11 13:13:31'),
    (34, 15, 15, 1, '1주차 스터디', '<ul><li>일시 : 06.05 &nbsp,14:00시</li><li>장소: &nbsp,줌</li></ul><p>과제 기간안에 제출해보고 스터디 날 뵙겠습니다 :)</p>', '2023-06-05 00:00:00', '2023-06-11 00:00:00', 1, 1, '2023-06-11 13:09:46', '2023-06-11 13:09:46'),
    (35, 15, 15, 2, '2주차 스터디', '<ul><li>일시 : 06.12 &nbsp,14:00시</li><li>장소: &nbsp,구글미트</li></ul><p>과제 기간안에 제출해보고 스터디 날에 뵙겠습니다 :)</p><p>화이팅입니다!</p>', '2023-06-12 00:00:00', '2023-06-18 00:00:00', 1, 1, '2023-06-11 13:13:31', '2023-06-11 13:13:31'),
    (36, 80, 30, 1, '1주차 스터디', '<ul><li>일시 : 06.05 &nbsp,14:00시</li><li>장소: &nbsp,줌</li></ul><p>과제 기간안에 제출해보고 스터디 날 뵙겠습니다 :)</p>', '2023-06-05 00:00:00', '2023-06-11 00:00:00', 1, 1, '2023-06-11 13:09:46', '2023-06-11 13:09:46'),
    (37, 80, 30, 2, '2주차 스터디', '<ul><li>일시 : 06.12 &nbsp,14:00시</li><li>장소: &nbsp,구글미트</li></ul><p>과제 기간안에 제출해보고 스터디 날에 뵙겠습니다 :)</p><p>화이팅입니다!</p>', '2023-06-12 00:00:00', '2023-06-18 00:00:00', 1, 1, '2023-06-11 13:13:31', '2023-06-11 13:13:31'),
    (38, 74, 24, 1, '1주차 스터디', '<ul><li>일시 : 06.05 &nbsp,14:00시</li><li>장소: &nbsp,줌</li></ul><p>과제 기간안에 제출해보고 스터디 날 뵙겠습니다 :)</p>', '2023-06-05 00:00:00', '2023-06-11 00:00:00', 1, 1, '2023-06-11 13:09:46', '2023-06-11 13:09:46'),
    (39, 74, 24, 2, '2주차 스터디', '<ul><li>일시 : 06.12 &nbsp,14:00시</li><li>장소: &nbsp,구글미트</li></ul><p>과제 기간안에 제출해보고 스터디 날에 뵙겠습니다 :)</p><p>화이팅입니다!</p>', '2023-06-12 00:00:00', '2023-06-18 00:00:00', 1, 1, '2023-06-11 13:13:31', '2023-06-11 13:13:31'),
    (40, 29, 29, 1, '1주차 스터디', '<ul><li>일시 : 06.05 &nbsp,14:00시</li><li>장소: &nbsp,줌</li></ul><p>과제 기간안에 제출해보고 스터디 날 뵙겠습니다 :)</p>', '2023-06-05 00:00:00', '2023-06-11 00:00:00', 1, 1, '2023-06-11 13:09:46', '2023-06-11 13:09:46'),
    (41, 29, 29, 2, '2주차 스터디', '<ul><li>일시 : 06.12 &nbsp,14:00시</li><li>장소: &nbsp,구글미트</li></ul><p>과제 기간안에 제출해보고 스터디 날에 뵙겠습니다 :)</p><p>화이팅입니다!</p>', '2023-06-12 00:00:00', '2023-06-18 00:00:00', 1, 1, '2023-06-11 13:13:31', '2023-06-11 13:13:31'),
    (42, 36, 36, 1, '1주차 스터디', '<ul><li>일시 : 06.05 &nbsp,14:00시</li><li>장소: &nbsp,줌</li></ul><p>과제 기간안에 제출해보고 스터디 날 뵙겠습니다 :)</p>', '2023-06-05 00:00:00', '2023-06-11 00:00:00', 1, 1, '2023-06-11 13:09:46', '2023-06-11 13:09:46'),
    (43, 36, 36, 2, '2주차 스터디', '<ul><li>일시 : 06.12 &nbsp,14:00시</li><li>장소: &nbsp,구글미트</li></ul><p>과제 기간안에 제출해보고 스터디 날에 뵙겠습니다 :)</p><p>화이팅입니다!</p>', '2023-06-12 00:00:00', '2023-06-18 00:00:00', 1, 1, '2023-06-11 13:13:31', '2023-06-11 13:13:31'),
    (44, 55, 5, 1, '1주차 스터디', '<ul><li>일시 : 06.05 &nbsp,14:00시</li><li>장소: &nbsp,줌</li></ul><p>과제 기간안에 제출해보고 스터디 날 뵙겠습니다 :)</p>', '2023-06-05 00:00:00', '2023-06-11 00:00:00', 1, 1, '2023-06-11 13:09:46', '2023-06-11 13:09:46'),
    (45, 55, 5, 2, '2주차 스터디', '<ul><li>일시 : 06.12 &nbsp,14:00시</li><li>장소: &nbsp,구글미트</li></ul><p>과제 기간안에 제출해보고 스터디 날에 뵙겠습니다 :)</p><p>화이팅입니다!</p>', '2023-06-12 00:00:00', '2023-06-18 00:00:00', 1, 1, '2023-06-11 13:13:31', '2023-06-11 13:13:31'),
    (46, 31, 31, 1, '1주차 스터디', '<ul><li>일시 : 06.05 &nbsp,14:00시</li><li>장소: &nbsp,줌</li></ul><p>과제 기간안에 제출해보고 스터디 날 뵙겠습니다 :)</p>', '2023-06-05 00:00:00', '2023-06-11 00:00:00', 1, 1, '2023-06-11 13:09:46', '2023-06-11 13:09:46'),
    (47, 31, 31, 2, '2주차 스터디', '<ul><li>일시 : 06.12 &nbsp,14:00시</li><li>장소: &nbsp,구글미트</li></ul><p>과제 기간안에 제출해보고 스터디 날에 뵙겠습니다 :)</p><p>화이팅입니다!</p>', '2023-06-12 00:00:00', '2023-06-18 00:00:00', 1, 1, '2023-06-11 13:13:31', '2023-06-11 13:13:31'),
    (50, 79, 29, 1, '1주차 스터디', '<ul><li>일시 : 06.05 &nbsp,14:00시</li><li>장소: &nbsp,줌</li></ul><p>과제 기간안에 제출해보고 스터디 날 뵙겠습니다 :)</p>', '2023-06-05 00:00:00', '2023-06-11 00:00:00', 1, 1, '2023-06-11 13:09:46', '2023-06-11 13:09:46'),
    (51, 79, 29, 2, '2주차 스터디', '<ul><li>일시 : 06.12 &nbsp,14:00시</li><li>장소: &nbsp,구글미트</li></ul><p>과제 기간안에 제출해보고 스터디 날에 뵙겠습니다 :)</p><p>화이팅입니다!</p>', '2023-06-12 00:00:00', '2023-06-18 00:00:00', 1, 1, '2023-06-11 13:13:31', '2023-06-11 13:13:31'),
    (52, 32, 32, 1, '1주차 스터디', '<ul><li>일시 : 06.05 &nbsp,14:00시</li><li>장소: &nbsp,줌</li></ul><p>과제 기간안에 제출해보고 스터디 날 뵙겠습니다 :)</p>', '2023-06-05 00:00:00', '2023-06-11 00:00:00', 1, 1, '2023-06-11 13:09:46', '2023-06-11 13:09:46'),
    (53, 32, 32, 2, '2주차 스터디', '<ul><li>일시 : 06.12 &nbsp,14:00시</li><li>장소: &nbsp,구글미트</li></ul><p>과제 기간안에 제출해보고 스터디 날에 뵙겠습니다 :)</p><p>화이팅입니다!</p>', '2023-06-12 00:00:00', '2023-06-18 00:00:00', 1, 1, '2023-06-11 13:13:31', '2023-06-11 13:13:31'),
    (54, 84, 34, 1, '1주차 스터디', '<ul><li>일시 : 06.05 &nbsp,14:00시</li><li>장소: &nbsp,줌</li></ul><p>과제 기간안에 제출해보고 스터디 날 뵙겠습니다 :)</p>', '2023-06-05 00:00:00', '2023-06-11 00:00:00', 1, 1, '2023-06-11 13:09:46', '2023-06-11 13:09:46'),
    (55, 84, 34, 2, '2주차 스터디', '<ul><li>일시 : 06.12 &nbsp,14:00시</li><li>장소: &nbsp,구글미트</li></ul><p>과제 기간안에 제출해보고 스터디 날에 뵙겠습니다 :)</p><p>화이팅입니다!</p>', '2023-06-12 00:00:00', '2023-06-18 00:00:00', 1, 1, '2023-06-11 13:13:31', '2023-06-11 13:13:31'),
    (56, 24, 24, 1, '1주차 스터디', '<ul><li>일시 : 06.05 &nbsp,14:00시</li><li>장소: &nbsp,줌</li></ul><p>과제 기간안에 제출해보고 스터디 날 뵙겠습니다 :)</p>', '2023-06-05 00:00:00', '2023-06-11 00:00:00', 1, 1, '2023-06-11 13:09:46', '2023-06-11 13:09:46'),
    (57, 24, 24, 2, '2주차 스터디', '<ul><li>일시 : 06.12 &nbsp,14:00시</li><li>장소: &nbsp,구글미트</li></ul><p>과제 기간안에 제출해보고 스터디 날에 뵙겠습니다 :)</p><p>화이팅입니다!</p>', '2023-06-12 00:00:00', '2023-06-18 00:00:00', 1, 1, '2023-06-11 13:13:31', '2023-06-11 13:13:31'),
    (58, 41, 41, 1, '1주차 스터디', '<ul><li>일시 : 06.05 &nbsp,14:00시</li><li>장소: &nbsp,줌</li></ul><p>과제 기간안에 제출해보고 스터디 날 뵙겠습니다 :)</p>', '2023-06-05 00:00:00', '2023-06-11 00:00:00', 1, 1, '2023-06-11 13:09:46', '2023-06-11 13:09:46'),
    (59, 41, 41, 2, '2주차 스터디', '<ul><li>일시 : 06.12 &nbsp,14:00시</li><li>장소: &nbsp,구글미트</li></ul><p>과제 기간안에 제출해보고 스터디 날에 뵙겠습니다 :)</p><p>화이팅입니다!</p>', '2023-06-12 00:00:00', '2023-06-18 00:00:00', 1, 1, '2023-06-11 13:13:31', '2023-06-11 13:13:31'),
    (60, 20, 20, 1, '1주차 스터디', '<ul><li>일시 : 06.05 &nbsp,14:00시</li><li>장소: &nbsp,줌</li></ul><p>과제 기간안에 제출해보고 스터디 날 뵙겠습니다 :)</p>', '2023-06-05 00:00:00', '2023-06-11 00:00:00', 1, 1, '2023-06-11 13:09:46', '2023-06-11 13:09:46'),
    (61, 20, 20, 2, '2주차 스터디', '<ul><li>일시 : 06.12 &nbsp,14:00시</li><li>장소: &nbsp,구글미트</li></ul><p>과제 기간안에 제출해보고 스터디 날에 뵙겠습니다 :)</p><p>화이팅입니다!</p>', '2023-06-12 00:00:00', '2023-06-18 00:00:00', 1, 1, '2023-06-11 13:13:31', '2023-06-11 13:13:31'),
    (62, 13, 13, 1, '1주차 스터디', '<ul><li>일시 : 06.05 &nbsp,14:00시</li><li>장소: &nbsp,줌</li></ul><p>과제 기간안에 제출해보고 스터디 날 뵙겠습니다 :)</p>', '2023-06-05 00:00:00', '2023-06-11 00:00:00', 1, 1, '2023-06-11 13:09:46', '2023-06-11 13:09:46'),
    (63, 13, 13, 2, '2주차 스터디', '<ul><li>일시 : 06.12 &nbsp,14:00시</li><li>장소: &nbsp,구글미트</li></ul><p>과제 기간안에 제출해보고 스터디 날에 뵙겠습니다 :)</p><p>화이팅입니다!</p>', '2023-06-12 00:00:00', '2023-06-18 00:00:00', 1, 1, '2023-06-11 13:13:31', '2023-06-11 13:13:31'),
    (64, 65, 15, 1, '1주차 스터디', '<ul><li>일시 : 06.05 &nbsp,14:00시</li><li>장소: &nbsp,줌</li></ul><p>과제 기간안에 제출해보고 스터디 날 뵙겠습니다 :)</p>', '2023-06-05 00:00:00', '2023-06-11 00:00:00', 1, 1, '2023-06-11 13:09:46', '2023-06-11 13:09:46'),
    (65, 65, 15, 2, '2주차 스터디', '<ul><li>일시 : 06.12 &nbsp,14:00시</li><li>장소: &nbsp,구글미트</li></ul><p>과제 기간안에 제출해보고 스터디 날에 뵙겠습니다 :)</p><p>화이팅입니다!</p>', '2023-06-12 00:00:00', '2023-06-18 00:00:00', 1, 1, '2023-06-11 13:13:31', '2023-06-11 13:13:31');



INSERT INTO study_week_attachment (id, week_id, upload_file_name, link)
VALUES
    (1, 1, 'hello.pdf', 'https://kr.object.ncloudstorage.com/study-with-me-upload/attachments/05a222b1-5623-4c11-ad90-f56161a3988a.pdf'),
    (2, 2, 'hello1.pdf', 'https://kr.object.ncloudstorage.com/study-with-me-upload/attachments/05a222b1-5623-4c11-ad90-f56161a3988a.pdf'),
    (3, 2, 'hello2.pdf', 'https://kr.object.ncloudstorage.com/study-with-me-upload/attachments/05a222b1-5623-4c11-ad90-f56161a3988a.pdf'),
    (4, 4, 'hello.pdf', 'https://kr.object.ncloudstorage.com/study-with-me-upload/attachments/05a222b1-5623-4c11-ad90-f56161a3988a.pdf'),
    (5, 5, 'hello1.pdf', 'https://kr.object.ncloudstorage.com/study-with-me-upload/attachments/05a222b1-5623-4c11-ad90-f56161a3988a.pdf'),
    (6, 5, 'hello2.pdf', 'https://kr.object.ncloudstorage.com/study-with-me-upload/attachments/05a222b1-5623-4c11-ad90-f56161a3988a.pdf'),
    (7, 5, 'hello3.pdf', 'https://kr.object.ncloudstorage.com/study-with-me-upload/attachments/05a222b1-5623-4c11-ad90-f56161a3988a.pdf'),
    (8, 1, 'hello.pdf', 'https://kr.object.ncloudstorage.com/study-with-me-upload/attachments/05a222b1-5623-4c11-ad90-f56161a3988a.pdf'),
    (9, 2, 'hello1.pdf', 'https://kr.object.ncloudstorage.com/study-with-me-upload/attachments/05a222b1-5623-4c11-ad90-f56161a3988a.pdf'),
    (10, 2, 'hello2.pdf', 'https://kr.object.ncloudstorage.com/study-with-me-upload/attachments/05a222b1-5623-4c11-ad90-f56161a3988a.pdf'),
    (11, 4, 'hello.pdf', 'https://kr.object.ncloudstorage.com/study-with-me-upload/attachments/05a222b1-5623-4c11-ad90-f56161a3988a.pdf'),
    (12, 5, 'hello1.pdf', 'https://kr.object.ncloudstorage.com/study-with-me-upload/attachments/05a222b1-5623-4c11-ad90-f56161a3988a.pdf'),
    (13, 5, 'hello2.pdf', 'https://kr.object.ncloudstorage.com/study-with-me-upload/attachments/05a222b1-5623-4c11-ad90-f56161a3988a.pdf'),
    (14, 5, 'hello3.pdf', 'https://kr.object.ncloudstorage.com/study-with-me-upload/attachments/05a222b1-5623-4c11-ad90-f56161a3988a.pdf'),
    (15, 1, 'hello.pdf', 'https://kr.object.ncloudstorage.com/study-with-me-upload/attachments/05a222b1-5623-4c11-ad90-f56161a3988a.pdf'),
    (16, 2, 'hello1.pdf', 'https://kr.object.ncloudstorage.com/study-with-me-upload/attachments/05a222b1-5623-4c11-ad90-f56161a3988a.pdf'),
    (17, 2, 'hello2.pdf', 'https://kr.object.ncloudstorage.com/study-with-me-upload/attachments/05a222b1-5623-4c11-ad90-f56161a3988a.pdf'),
    (18, 4, 'hello.pdf', 'https://kr.object.ncloudstorage.com/study-with-me-upload/attachments/05a222b1-5623-4c11-ad90-f56161a3988a.pdf'),
    (19, 5, 'hello1.pdf', 'https://kr.object.ncloudstorage.com/study-with-me-upload/attachments/05a222b1-5623-4c11-ad90-f56161a3988a.pdf'),
    (20, 5, 'hello2.pdf', 'https://kr.object.ncloudstorage.com/study-with-me-upload/attachments/05a222b1-5623-4c11-ad90-f56161a3988a.pdf'),
    (21, 5, 'hello3.pdf', 'https://kr.object.ncloudstorage.com/study-with-me-upload/attachments/05a222b1-5623-4c11-ad90-f56161a3988a.pdf'),
    (22, 7, '1주차 영어단어.pdf', 'https://study-with-me-upload.kr.object.ncloudstorage.com/attachments/3cbb3134-e7eb-4cb6-9ff0-ed72ae65e120.pdf'),
    (23, 8, '2주차 영어단어.pdf', 'https://study-with-me-upload.kr.object.ncloudstorage.com/attachments/2f154ac8-fd91-4f70-904f-2b1a232c1977.pdf'),
    (24, 9, '3주차 영어단어.pdf', 'https://study-with-me-upload.kr.object.ncloudstorage.com/attachments/a25a59ec-3c3d-4072-87ca-982f119c10f9.pdf'),
    (25, 15, '과제안내.pdf', 'https://study-with-me-upload.kr.object.ncloudstorage.com/attachments/e2dbd88a-3dca-40bc-810f-950bb35323a0.pdf'),
    (26, 16, '과제안내.pdf', 'https://study-with-me-upload.kr.object.ncloudstorage.com/attachments/8ab03fe1-4d0f-4fb9-8d65-cf47fc3018ed.pdf'),
    (27, 17, '과제안내.pdf', 'https://study-with-me-upload.kr.object.ncloudstorage.com/attachments/4b0e8768-6121-4622-98ff-1aae43574c1e.pdf');



INSERT INTO study_assignment_submit (id, week_id, participant_id, upload_type, upload_file_name, link, created_at, modified_at)
VALUES
    (1, 1, 1, 'FILE', 'hello3.png', 'https://kr.object.ncloudstorage.com/study-with-me-upload/submits/0754f61e-b400-47b7-bd5c-6f7c0b8ab088.pdf', '2023-06-06 09:42:17', '2023-06-06 09:42:17'),
    (2, 1, 3, 'FILE', 'hello3.png', 'https://kr.object.ncloudstorage.com/study-with-me-upload/submits/0754f61e-b400-47b7-bd5c-6f7c0b8ab088.pdf', '2023-06-06 09:42:17', '2023-06-06 09:42:17'),
    (3, 1, 4, 'FILE', 'hello3.png', 'https://kr.object.ncloudstorage.com/study-with-me-upload/submits/0754f61e-b400-47b7-bd5c-6f7c0b8ab088.pdf', '2023-06-06 09:42:17', '2023-06-06 09:42:17'),
    (4, 2, 1, 'FILE', 'hello3.png', 'https://kr.object.ncloudstorage.com/study-with-me-upload/submits/0754f61e-b400-47b7-bd5c-6f7c0b8ab088.pdf', '2023-06-06 09:42:17', '2023-06-06 09:42:17'),
    (5, 2, 4, 'FILE', 'hello3.png', 'https://kr.object.ncloudstorage.com/study-with-me-upload/submits/0754f61e-b400-47b7-bd5c-6f7c0b8ab088.pdf', '2023-06-06 09:42:17', '2023-06-06 09:42:17'),
    (6, 7, 6, 'FILE', '1주차 영어단어.pdf', 'https://study-with-me-upload.kr.object.ncloudstorage.com/submits/77db6733-a8b2-465f-ac0e-d3e0ae6fc097.pdf', '2023-06-06 21:02:39', '2023-06-06 21:02:39'),
    (7, 8, 6, 'FILE', '영어단어.jpg', 'https://study-with-me-upload.kr.object.ncloudstorage.com/submits/8f39151a-db2c-4344-beff-8352cc9e0272.jpg', '2023-06-06 21:22:05', '2023-06-06 21:22:05'),
    (8, 9, 6, 'FILE', '2주차 영어단어.pdf', 'https://study-with-me-upload.kr.object.ncloudstorage.com/submits/9f8941d9-4cc7-4185-9995-26a0e9706596.pdf', '2023-06-06 21:49:30', '2023-06-06 21:49:30'),
    (9, 10, 6, 'FILE', '2주차 영어단어.pdf', 'https://study-with-me-upload.kr.object.ncloudstorage.com/submits/eb62234d-8765-4b68-a8e2-50dc28655235.pdf', '2023-06-06 21:49:50', '2023-06-06 21:49:50'),
    (10, 11, 6, 'FILE', '2주차 영어단어.pdf', 'https://study-with-me-upload.kr.object.ncloudstorage.com/submits/43076d12-00b4-4438-97f2-7fbbc6a1f811.pdf', '2023-06-06 21:51:31', '2023-06-06 21:51:31'),
    (11, 12, 6, 'FILE', '1주차 영어단어.pdf', 'https://study-with-me-upload.kr.object.ncloudstorage.com/submits/39cc50fd-c88e-4788-82d7-dcc1925b38ed.pdf', '2023-06-06 22:04:41', '2023-06-06 22:04:41'),
    (12, 21, 6, 'FILE', '3주차 영어단어.pdf', 'https://study-with-me-upload.kr.object.ncloudstorage.com/submits/eb531f97-c696-48e3-a665-d1728e5dfb68.pdf', '2023-06-06 23:23:26', '2023-06-06 23:23:26'),
    (13, 22, 6, 'FILE', '3주차 영어단어.pdf', 'https://study-with-me-upload.kr.object.ncloudstorage.com/submits/d7d66108-7624-4272-a250-9bfeca4231cc.pdf', '2023-06-06 23:23:35', '2023-06-06 23:23:35'),
    (14, 23, 6, 'FILE', '1주차 영어단어.pdf', 'https://study-with-me-upload.kr.object.ncloudstorage.com/submits/076e6ed8-bb82-489f-b07a-b60fd3224b33.pdf', '2023-06-06 23:23:51', '2023-06-06 23:23:51'),
    (15, 30, 6, 'LINK', null, 'https://www.acmicpc.net/problem/1008', '2023-06-06 23:35:39', '2023-06-06 23:35:39'),
    (16, 29, 6, 'LINK', null, 'https://www.acmicpc.net/problem/75', '2023-06-06 23:35:47', '2023-06-06 23:35:47'),
    (17, 28, 6, 'LINK', null, 'https://www.acmicpc.net/problem/7457', '2023-06-06 23:35:55', '2023-06-06 23:35:55'),
    (18, 27, 6, 'LINK', null, 'https://www.acmicpc.net/problem/3857', '2023-06-06 23:36:01', '2023-06-06 23:36:01'),
    (19, 20, 6, 'LINK', null, 'https://www.acmicpc.net/problem/66', '2023-06-06 23:36:08', '2023-06-06 23:36:08');



INSERT INTO study_attendance (study_id, week, participant_id, status)
VALUES
    (1, 1, 1, 'ATTENDANCE'),
    (1, 1, 2, 'ATTENDANCE'),
    (1, 1, 3, 'LATE'),
    (1, 1, 4, 'ATTENDANCE'),
    (1, 2, 1, 'NON_ATTENDANCE'),
    (1, 2, 2, 'ATTENDANCE'),
    (1, 2, 3, 'NON_ATTENDANCE'),
    (1, 2, 4, 'ATTENDANCE'),
    (2, 1, 2, 'ATTENDANCE'),
    (2, 1, 3, 'LATE'),
    (2, 1, 4, 'ATTENDANCE'),
    (2, 1, 5, 'LATE'),
    (2, 2, 2, 'ATTENDANCE'),
    (2, 2, 3, 'ABSENCE'),
    (2, 2, 4, 'LATE'),
    (2, 2, 5, 'ATTENDANCE'),
    (2, 3, 2, 'ATTENDANCE'),
    (2, 3, 3, 'ATTENDANCE'),
    (2, 3, 4, 'ATTENDANCE'),
    (2, 3, 5, 'NON_ATTENDANCE'),
    (4, 1, 4, 'ATTENDANCE'),
    (4, 1, 5, 'LATE'),
    (4, 1, 6, 'ABSENCE'),
    (4, 1, 7, 'ATTENDANCE'),
    (4, 2, 4, 'NON_ATTENDANCE'),
    (4, 2, 5, 'ATTENDANCE'),
    (4, 2, 6, 'ATTENDANCE'),
    (4, 2, 7, 'ATTENDANCE'),
    (5, 1, 5, 'ATTENDANCE'),
    (5, 1, 6, 'LATE'),
    (5, 1, 7, 'ATTENDANCE'),
    (5, 1, 8, 'ABSENCE'),
    (5, 2, 5, 'ATTENDANCE'),
    (5, 2, 6, 'ATTENDANCE'),
    (5, 2, 7, 'NON_ATTENDANCE'),
    (5, 2, 8, 'ATTENDANCE'),
    (23, 1, 1, 'ATTENDANCE'),
    (23, 1, 2, 'ATTENDANCE'),
    (23, 1, 4, 'ATTENDANCE'),
    (23, 1, 5, 'ATTENDANCE'),
    (23, 1, 6, 'ATTENDANCE'),
    (23, 1, 24, 'LATE'),
    (23, 1, 25, 'ATTENDANCE'),
    (23, 1, 26, 'ATTENDANCE'),
    (23, 2, 1, 'LATE'),
    (23, 2, 2, 'ATTENDANCE'),
    (23, 2, 4, 'ATTENDANCE'),
    (23, 2, 5, 'ATTENDANCE'),
    (23, 2, 6, 'ABSENCE'),
    (23, 2, 24, 'ATTENDANCE'),
    (23, 2, 25, 'LATE'),
    (23, 2, 26, 'ATTENDANCE'),
    (23, 3, 1, 'ATTENDANCE'),
    (23, 3, 2, 'ATTENDANCE'),
    (23, 3, 4, 'ATTENDANCE'),
    (23, 3, 5, 'ATTENDANCE'),
    (23, 3, 6, 'ATTENDANCE'),
    (23, 3, 24, 'ATTENDANCE'),
    (23, 3, 25, 'ABSENCE'),
    (23, 3, 26, 'ATTENDANCE'),
    (23, 4, 1, 'ATTENDANCE'),
    (23, 4, 2, 'ATTENDANCE'),
    (23, 4, 4, 'ATTENDANCE'),
    (23, 4, 5, 'ATTENDANCE'),
    (23, 4, 6, 'ATTENDANCE'),
    (23, 4, 24, 'LATE'),
    (23, 4, 25, 'ATTENDANCE'),
    (23, 4, 26, 'ATTENDANCE'),
    (23, 5, 1, 'ATTENDANCE'),
    (23, 5, 2, 'ATTENDANCE'),
    (23, 5, 4, 'ATTENDANCE'),
    (23, 5, 5, 'LATE'),
    (23, 5, 6, 'LATE'),
    (23, 5, 24, 'ATTENDANCE'),
    (23, 5, 25, 'LATE'),
    (23, 5, 26, 'ATTENDANCE'),
    (38, 1, 6, 'LATE'),
    (38, 1, 39, 'ATTENDANCE'),
    (38, 1, 40, 'ABSENCE'),
    (38, 1, 41, 'ATTENDANCE'),
    (38, 2, 6, 'ABSENCE'),
    (38, 2, 39, 'ATTENDANCE'),
    (38, 2, 40, 'ATTENDANCE'),
    (38, 2, 41, 'ATTENDANCE'),
    (38, 3, 6, 'ATTENDANCE'),
    (38, 3, 39, 'NON_ATTENDANCE'),
    (38, 3, 40, 'ATTENDANCE'),
    (38, 3, 41, 'NON_ATTENDANCE'),
    (51, 1, 1, 'LATE'),
    (51, 1, 6, 'ATTENDANCE'),
    (51, 1, 7, 'ABSENCE'),
    (51, 1, 8, 'ATTENDANCE'),
    (51, 2, 1, 'NON_ATTENDANCE'),
    (51, 2, 6, 'ATTENDANCE'),
    (51, 2, 7, 'NON_ATTENDANCE'),
    (51, 2, 8, 'ATTENDANCE'),
    (52, 1, 2, 'ATTENDANCE'),
    (52, 1, 7, 'ATTENDANCE'),
    (52, 1, 8, 'ATTENDANCE'),
    (52, 1, 9, 'NON_ATTENDANCE'),
    (54, 1, 2, 'ATTENDANCE'),
    (54, 1, 7, 'NON_ATTENDANCE'),
    (54, 1, 8, 'ATTENDANCE'),
    (54, 1, 9, 'ATTENDANCE'),
    (55, 1, 5, 'ATTENDANCE'),
    (55, 1, 10, 'ABSENCE'),
    (55, 1, 11, 'LATE'),
    (55, 1, 12, 'ATTENDANCE'),
    (55, 2, 5, 'ATTENDANCE'),
    (55, 2, 10, 'ATTENDANCE'),
    (55, 2, 11, 'NON_ATTENDANCE'),
    (55, 2, 12, 'ATTENDANCE');



INSERT INTO study_hashtag (id, study_id, name)
VALUES
    (1, 1, '김영한'),
    (2, 1, '스프링'),
    (3, 1, '스프링 부트'),
    (4, 1, '자바'),
    (5, 2, '네카라쿠배'),
    (6, 2, '기술 면접'),
    (7, 2, 'IT 면접'),
    (8, 2, '카카오'),
    (9, 2, '임원 면접'),
    (10, 24, '온라인'),
    (11, 24, 'LG'),
    (12, 25, '회로개발'),
    (13, 25, '삼성'),
    (14, 26, '한국사'),
    (15, 27, '반도체'),
    (16, 27, '삼성'),
    (17, 28, '삼성'),
    (18, 28, '마케팅'),
    (19, 29, '영국'),
    (20, 29, 'IELTS'),
    (21, 31, '일본어'),
    (22, 32, '오픽'),
    (23, 32, '영어'),
    (24, 33, '텝스'),
    (25, 34, '영어'),
    (26, 35, '토플'),
    (27, 37, '토익'),
    (28, 39, '일본어'),
    (29, 40, '오픽'),
    (30, 40, '삼성'),
    (31, 42, '텝스'),
    (32, 43, '토익'),
    (33, 44, '영국'),
    (34, 46, '토플'),
    (35, 36, '영국'),
    (36, 36, '대구'),
    (37, 41, '영어'),
    (38, 41, '토익'),
    (39, 30, '일본어'),
    (40, 45, '토플'),
    (41, 47, 'C'),
    (42, 48, '자바'),
    (43, 49, '자바스크립트'),
    (44, 50, '파이썬'),
    (45, 51, '백준'),
    (46, 52, 'CSS'),
    (47, 53, 'HTML'),
    (48, 53, '코딩'),
    (49, 54, '자료구조'),
    (50, 54, 'C'),
    (51, 55, '스프링'),
    (52, 56, '스프링'),
    (53, 57, '딥러닝'),
    (54, 58, '토익'),
    (55, 59, 'NCS'),
    (56, 60, '현대'),
    (57, 61, '삼성'),
    (58, 62, '삼성'),
    (59, 63, '삼성'),
    (60, 64, '삼성'),
    (61, 65, 'ncs'),
    (62, 66, 'LG'),
    (63, 67, '부산'),
    (64, 68, 'NCS'),
    (65, 69, '삼성'),
    (66, 70, '인적성'),
    (67, 71, '인공지능'),
    (68, 72, '파이썬'),
    (69, 72, '알고리즘'),
    (70, 73, '삼성'),
    (71, 74, 'LG'),
    (72, 75, '한국사'),
    (73, 76, '현대'),
    (74, 77, '삼성'),
    (75, 78, '삼성'),
    (76, 79, '삼성'),
    (77, 80, '알고리즘'),
    (78, 81, '공무원'),
    (79, 82, '서귀포시'),
    (80, 84, 'LG'),
    (81, 38, '토플'),
    (82, 38, '교환학생'),
    (83, 83, '삼성'),
    (84, 84, '2');



INSERT INTO study_notice (id, study_id, writer_id, title, content, created_at, modified_at)
VALUES
    (1, 1, 1, '스프링 스터디 첫번째 공지사항입니다.', 'Hello world', '2023-06-06 09:42:17', '2023-06-06 09:42:17'),
    (2, 1, 1, '스프링 스터디 두번째 공지사항입니다.', 'Hello world', '2023-06-06 09:42:17', '2023-06-06 09:42:17'),
    (3, 1, 1, '스프링 스터디 세번째 공지사항입니다.', 'Hello world', '2023-06-06 09:42:17', '2023-06-06 09:42:17'),
    (4, 2, 2, '카카오 기술 면접 오프라인 스터디 첫번째 공지사항입니다.', 'Hello world', '2023-06-06 09:42:17', '2023-06-06 09:42:17'),
    (5, 2, 2, '카카오 기술 면접 오프라인 스터디 두번째 공지사항입니다.', 'Hello world', '2023-06-06 09:42:17', '2023-06-06 09:42:17'),
    (6, 38, 6, '*규칙*', '<ul><li>서로 존중하기</li><li>사기 저하 발언금지</li><li>과제 충실히 해오기</li></ul>', '2023-06-06 22:35:05', '2023-06-06 22:35:05'),
    (7, 38, 6, '스터디 진행방식', '<p>스터디 진행방식에 대해 설명드리겠습니다.</p><ol><li>매주 단어 암기를 해온다.</li><li>매주 스터디 시작전 단어 테스트를 한다.</li><li>매주 스피킹 라이팅 리딩 리스닝 주제를 번갈아가며 진행한다.</li></ol>', '2023-06-06 22:36:54', '2023-06-06 22:36:54'),
    (8, 23, 6, '## 우리 스터디 규칙 ##', '<p>우리 스터디 규칙입니다.</p><ol><li>서로 존중하기</li><li>열심히 참여하기</li></ol>', '2023-06-06 22:57:24', '2023-06-06 22:57:24'),
    (9, 3, 3, '스터디 공지사항', '<p>서로 존중하면서 스터디를 진행했으면 좋겠습니다.</p><p>악의적으로 누군가를 괴롭히는 일을 하지 말아주세요.</p><p>시간을 잘 지켜주세요.</p>', '2023-06-11 11:22:24', '2023-06-11 11:22:24'),
    (10, 4, 4, '우리 스터디 기본 규칙', '<ul><li>시간 잘 지켜주세요</li><li>과제를 잘 제출해주세요.</li><li>서로 존중해주세요</li><li>다들 열심히 해봐요 :)</li></ul>', '2023-06-11 13:07:12', '2023-06-11 13:07:12'),
    (11, 5, 5, '우리 스터디 기본 규칙', '<ul><li>시간 잘 지켜주세요</li><li>과제를 잘 제출해주세요.</li><li>서로 존중해주세요</li><li>다들 열심히 해봐요 :)</li></ul>', '2023-06-11 13:07:12', '2023-06-11 13:07:12'),
    (12, 48, 48, '우리 스터디 기본 규칙', '<ul><li>시간 잘 지켜주세요</li><li>과제를 잘 제출해주세요.</li><li>서로 존중해주세요</li><li>다들 열심히 해봐요 :)</li></ul>', '2023-06-11 13:07:12', '2023-06-11 13:07:12'),
    (13, 49, 49, '우리 스터디 기본 규칙', '<ul><li>시간 잘 지켜주세요</li><li>과제를 잘 제출해주세요.</li><li>서로 존중해주세요</li><li>다들 열심히 해봐요 :)</li></ul>', '2023-06-11 13:07:12', '2023-06-11 13:07:12'),
    (14, 50, 50, '우리 스터디 기본 규칙', '<ul><li>시간 잘 지켜주세요</li><li>과제를 잘 제출해주세요.</li><li>서로 존중해주세요</li><li>다들 열심히 해봐요 :)</li></ul>', '2023-06-11 13:07:12', '2023-06-11 13:07:12'),
    (15, 51, 1, '우리 스터디 기본 규칙', '<ul><li>시간 잘 지켜주세요</li><li>과제를 잘 제출해주세요.</li><li>서로 존중해주세요</li><li>다들 열심히 해봐요 :)</li></ul>', '2023-06-11 13:07:12', '2023-06-11 13:07:12'),
    (16, 82, 32, '우리 스터디 기본 규칙', '<ul><li>시간 잘 지켜주세요</li><li>과제를 잘 제출해주세요.</li><li>서로 존중해주세요</li><li>다들 열심히 해봐요 :)</li></ul>', '2023-06-11 13:07:12', '2023-06-11 13:07:12'),
    (17, 21, 21, '우리 스터디 기본 규칙', '<ul><li>시간 잘 지켜주세요</li><li>과제를 잘 제출해주세요.</li><li>서로 존중해주세요</li><li>다들 열심히 해봐요 :)</li></ul>', '2023-06-11 13:07:12', '2023-06-11 13:07:12'),
    (18, 15, 15, '우리 스터디 기본 규칙', '<ul><li>시간 잘 지켜주세요</li><li>과제를 잘 제출해주세요.</li><li>서로 존중해주세요</li><li>다들 열심히 해봐요 :)</li></ul>', '2023-06-11 13:07:12', '2023-06-11 13:07:12'),
    (19, 80, 30, '우리 스터디 기본 규칙', '<ul><li>시간 잘 지켜주세요</li><li>과제를 잘 제출해주세요.</li><li>서로 존중해주세요</li><li>다들 열심히 해봐요 :)</li></ul>', '2023-06-11 13:07:12', '2023-06-11 13:07:12'),
    (20, 74, 24, '우리 스터디 기본 규칙', '<ul><li>시간 잘 지켜주세요</li><li>과제를 잘 제출해주세요.</li><li>서로 존중해주세요</li><li>다들 열심히 해봐요 :)</li></ul>', '2023-06-11 13:07:12', '2023-06-11 13:07:12'),
    (21, 29, 29, '우리 스터디 기본 규칙', '<ul><li>시간 잘 지켜주세요</li><li>과제를 잘 제출해주세요.</li><li>서로 존중해주세요</li><li>다들 열심히 해봐요 :)</li></ul>', '2023-06-11 13:07:12', '2023-06-11 13:07:12'),
    (22, 36, 36, '우리 스터디 기본 규칙', '<ul><li>시간 잘 지켜주세요</li><li>과제를 잘 제출해주세요.</li><li>서로 존중해주세요</li><li>다들 열심히 해봐요 :)</li></ul>', '2023-06-11 13:07:12', '2023-06-11 13:07:12'),
    (23, 55, 5, '우리 스터디 기본 규칙', '<ul><li>시간 잘 지켜주세요</li><li>과제를 잘 제출해주세요.</li><li>서로 존중해주세요</li><li>다들 열심히 해봐요 :)</li></ul>', '2023-06-11 13:07:12', '2023-06-11 13:07:12'),
    (24, 31, 31, '우리 스터디 기본 규칙', '<ul><li>시간 잘 지켜주세요</li><li>과제를 잘 제출해주세요.</li><li>서로 존중해주세요</li><li>다들 열심히 해봐요 :)</li></ul>', '2023-06-11 13:07:12', '2023-06-11 13:07:12'),
    (25, 48, 48, '우리 스터디 기본 규칙', '<ul><li>시간 잘 지켜주세요</li><li>과제를 잘 제출해주세요.</li><li>서로 존중해주세요</li><li>다들 열심히 해봐요 :)</li></ul>', '2023-06-11 13:07:12', '2023-06-11 13:07:12'),
    (26, 79, 29, '우리 스터디 기본 규칙', '<ul><li>시간 잘 지켜주세요</li><li>과제를 잘 제출해주세요.</li><li>서로 존중해주세요</li><li>다들 열심히 해봐요 :)</li></ul>', '2023-06-11 13:07:12', '2023-06-11 13:07:12'),
    (27, 32, 32, '우리 스터디 기본 규칙', '<ul><li>시간 잘 지켜주세요</li><li>과제를 잘 제출해주세요.</li><li>서로 존중해주세요</li><li>다들 열심히 해봐요 :)</li></ul>', '2023-06-11 13:07:12', '2023-06-11 13:07:12'),
    (28, 84, 34, '우리 스터디 기본 규칙', '<ul><li>시간 잘 지켜주세요</li><li>과제를 잘 제출해주세요.</li><li>서로 존중해주세요</li><li>다들 열심히 해봐요 :)</li></ul>', '2023-06-11 13:07:12', '2023-06-11 13:07:12'),
    (29, 24, 24, '우리 스터디 기본 규칙', '<ul><li>시간 잘 지켜주세요</li><li>과제를 잘 제출해주세요.</li><li>서로 존중해주세요</li><li>다들 열심히 해봐요 :)</li></ul>', '2023-06-11 13:07:12', '2023-06-11 13:07:12'),
    (30, 41, 41, '우리 스터디 기본 규칙', '<ul><li>시간 잘 지켜주세요</li><li>과제를 잘 제출해주세요.</li><li>서로 존중해주세요</li><li>다들 열심히 해봐요 :)</li></ul>', '2023-06-11 13:07:12', '2023-06-11 13:07:12'),
    (31, 20, 20, '우리 스터디 기본 규칙', '<ul><li>시간 잘 지켜주세요</li><li>과제를 잘 제출해주세요.</li><li>서로 존중해주세요</li><li>다들 열심히 해봐요 :)</li></ul>', '2023-06-11 13:07:12', '2023-06-11 13:07:12'),
    (32, 13, 13, '우리 스터디 기본 규칙', '<ul><li>시간 잘 지켜주세요</li><li>과제를 잘 제출해주세요.</li><li>서로 존중해주세요</li><li>다들 열심히 해봐요 :)</li></ul>', '2023-06-11 13:07:12', '2023-06-11 13:07:12'),
    (33, 65, 15, '우리 스터디 기본 규칙', '<ul><li>시간 잘 지켜주세요</li><li>과제를 잘 제출해주세요.</li><li>서로 존중해주세요</li><li>다들 열심히 해봐요 :)</li></ul>', '2023-06-11 13:07:12', '2023-06-11 13:07:12');



INSERT INTO study_notice_comment (id, notice_id, writer_id, content, created_at, modified_at)
VALUES
    (1, 4, 2, '확인 댓글 남기세요~~', '2023-06-06 09:42:17', '2023-06-06 09:42:17'),
    (2, 4, 1, '네 확인했습니다!', '2023-06-06 09:42:17', '2023-06-06 09:42:17'),
    (3, 5, 2, '확인 댓글 남기세요~~', '2023-06-06 09:42:17', '2023-06-06 09:42:17'),
    (4, 5, 3, 'ok!', '2023-06-06 09:42:17', '2023-06-06 09:42:17'),
    (5, 5, 4, 'ok~~', '2023-06-06 09:42:17', '2023-06-06 09:42:17'),
    (7, 6, 5, '파이팅~~', '2023-06-12 13:07:12', '2023-06-12 13:07:12'),
    (8, 7, 6, '네엥~~', '2023-06-12 13:07:12', '2023-06-12 13:07:12'),
    (9, 8, 10, 'ok~~', '2023-06-12 13:07:12', '2023-06-12 13:07:12'),
    (10, 8, 25, 'ok~~', '2023-06-12 13:07:12', '2023-06-12 13:07:12'),
    (11, 8, 26, 'ok~~', '2023-06-12 13:07:12', '2023-06-12 13:07:12'),
    (12, 23, 12, 'ok~~', '2023-06-12 13:07:12', '2023-06-12 13:07:12');



INSERT INTO study_participant (id, study_id, member_id, status, created_at, modified_at)
VALUES
    (1, 1, 2, 'APPROVE', NOW(), NOW()),
    (2, 1, 3, 'APPROVE', NOW(), NOW()),
    (3, 1, 4, 'APPROVE', NOW(), NOW()),
    (4, 2, 3, 'APPROVE', NOW(), NOW()),
    (5, 2, 4, 'APPROVE', NOW(), NOW()),
    (6, 2, 5, 'APPROVE', NOW(), NOW()),
    (7, 3, 4, 'APPROVE', NOW(), NOW()),
    (8, 3, 5, 'APPROVE', NOW(), NOW()),
    (9, 3, 6, 'APPROVE', NOW(), NOW()),
    (10, 4, 5, 'APPROVE', NOW(), NOW()),
    (11, 4, 6, 'APPROVE', NOW(), NOW()),
    (12, 4, 7, 'APPROVE', NOW(), NOW()),
    (13, 5, 6, 'APPROVE', NOW(), NOW()),
    (14, 5, 7, 'APPROVE', NOW(), NOW()),
    (15, 5, 8, 'APPROVE', NOW(), NOW()),
    (16, 6, 7, 'APPROVE', NOW(), NOW()),
    (17, 6, 8, 'APPROVE', NOW(), NOW()),
    (18, 6, 9, 'APPROVE', NOW(), NOW()),
    (19, 7, 8, 'APPROVE', NOW(), NOW()),
    (20, 7, 9, 'APPROVE', NOW(), NOW()),
    (21, 7, 10, 'APPROVE', NOW(), NOW()),
    (22, 8, 9, 'APPROVE', NOW(), NOW()),
    (23, 8, 10, 'APPROVE', NOW(), NOW()),
    (24, 8, 11, 'APPROVE', NOW(), NOW()),
    (25, 9, 10, 'APPROVE', NOW(), NOW()),
    (26, 9, 11, 'APPROVE', NOW(), NOW()),
    (27, 9, 12, 'APPROVE', NOW(), NOW()),
    (28, 10, 11, 'APPROVE', NOW(), NOW()),
    (29, 10, 12, 'APPROVE', NOW(), NOW()),
    (30, 10, 13, 'APPROVE', NOW(), NOW()),
    (31, 11, 12, 'APPROVE', NOW(), NOW()),
    (32, 11, 13, 'APPROVE', NOW(), NOW()),
    (33, 11, 14, 'APPROVE', NOW(), NOW()),
    (34, 12, 13, 'APPROVE', NOW(), NOW()),
    (35, 12, 14, 'APPROVE', NOW(), NOW()),
    (36, 12, 15, 'APPROVE', NOW(), NOW()),
    (37, 13, 14, 'APPROVE', NOW(), NOW()),
    (38, 13, 15, 'APPROVE', NOW(), NOW()),
    (39, 13, 16, 'APPROVE', NOW(), NOW()),
    (40, 14, 15, 'APPROVE', NOW(), NOW()),
    (41, 14, 16, 'APPROVE', NOW(), NOW()),
    (42, 14, 17, 'APPROVE', NOW(), NOW()),
    (43, 15, 16, 'APPROVE', NOW(), NOW()),
    (44, 15, 17, 'APPROVE', NOW(), NOW()),
    (45, 15, 18, 'APPROVE', NOW(), NOW()),
    (46, 16, 17, 'APPROVE', NOW(), NOW()),
    (47, 16, 18, 'APPROVE', NOW(), NOW()),
    (48, 16, 19, 'APPROVE', NOW(), NOW()),
    (49, 17, 18, 'APPROVE', NOW(), NOW()),
    (50, 17, 19, 'APPROVE', NOW(), NOW()),
    (51, 17, 20, 'APPROVE', NOW(), NOW()),
    (52, 18, 19, 'APPROVE', NOW(), NOW()),
    (53, 18, 20, 'APPROVE', NOW(), NOW()),
    (54, 18, 21, 'APPROVE', NOW(), NOW()),
    (55, 19, 20, 'APPROVE', NOW(), NOW()),
    (56, 19, 21, 'APPROVE', NOW(), NOW()),
    (57, 19, 22, 'APPROVE', NOW(), NOW()),
    (58, 20, 21, 'APPROVE', NOW(), NOW()),
    (59, 20, 22, 'APPROVE', NOW(), NOW()),
    (60, 20, 23, 'APPROVE', NOW(), NOW()),
    (61, 21, 22, 'APPROVE', NOW(), NOW()),
    (62, 21, 23, 'APPROVE', NOW(), NOW()),
    (63, 21, 24, 'APPROVE', NOW(), NOW()),
    (64, 22, 23, 'APPROVE', NOW(), NOW()),
    (65, 22, 24, 'APPROVE', NOW(), NOW()),
    (66, 22, 25, 'APPROVE', NOW(), NOW()),
    (67, 23, 1, 'APPROVE', NOW(), NOW()),
    (323, 23, 2, 'APPROVE', NOW(), NOW()),
    (324, 23, 4, 'APPROVE', NOW(), NOW()),
    (325, 23, 5, 'APPROVE', NOW(), NOW()),
    (326, 23, 24, 'APPROVE', NOW(), NOW()),
    (68, 23, 25, 'APPROVE', NOW(), NOW()),
    (69, 23, 26, 'APPROVE', NOW(), NOW()),
    (70, 24, 25, 'APPROVE', NOW(), NOW()),
    (71, 24, 26, 'APPROVE', NOW(), NOW()),
    (72, 24, 27, 'APPROVE', NOW(), NOW()),
    (73, 25, 26, 'APPROVE', NOW(), NOW()),
    (74, 25, 27, 'APPROVE', NOW(), NOW()),
    (75, 25, 28, 'APPROVE', NOW(), NOW()),
    (76, 26, 27, 'APPROVE', NOW(), NOW()),
    (77, 26, 28, 'APPROVE', NOW(), NOW()),
    (78, 26, 29, 'APPROVE', NOW(), NOW()),
    (79, 27, 28, 'APPROVE', NOW(), NOW()),
    (80, 27, 29, 'APPROVE', NOW(), NOW()),
    (81, 27, 30, 'APPROVE', NOW(), NOW()),
    (82, 28, 29, 'APPROVE', NOW(), NOW()),
    (83, 28, 30, 'APPROVE', NOW(), NOW()),
    (84, 28, 31, 'APPROVE', NOW(), NOW()),
    (85, 29, 30, 'APPROVE', NOW(), NOW()),
    (86, 29, 31, 'APPROVE', NOW(), NOW()),
    (87, 29, 32, 'APPROVE', NOW(), NOW()),
    (88, 30, 31, 'APPROVE', NOW(), NOW()),
    (89, 30, 32, 'APPROVE', NOW(), NOW()),
    (90, 30, 33, 'APPROVE', NOW(), NOW()),
    (91, 31, 32, 'APPROVE', NOW(), NOW()),
    (92, 31, 33, 'APPROVE', NOW(), NOW()),
    (93, 31, 34, 'APPROVE', NOW(), NOW()),
    (94, 32, 33, 'APPROVE', NOW(), NOW()),
    (95, 32, 34, 'APPROVE', NOW(), NOW()),
    (96, 32, 35, 'APPROVE', NOW(), NOW()),
    (97, 33, 34, 'APPROVE', NOW(), NOW()),
    (98, 33, 35, 'APPROVE', NOW(), NOW()),
    (99, 33, 36, 'APPROVE', NOW(), NOW()),
    (100, 34, 35, 'APPROVE', NOW(), NOW()),
    (101, 34, 36, 'APPROVE', NOW(), NOW()),
    (102, 34, 37, 'APPROVE', NOW(), NOW()),
    (103, 35, 36, 'APPROVE', NOW(), NOW()),
    (104, 35, 37, 'APPROVE', NOW(), NOW()),
    (105, 35, 38, 'APPROVE', NOW(), NOW()),
    (106, 36, 37, 'APPROVE', NOW(), NOW()),
    (107, 36, 38, 'APPROVE', NOW(), NOW()),
    (108, 36, 39, 'APPROVE', NOW(), NOW()),
    (109, 37, 38, 'APPROVE', NOW(), NOW()),
    (110, 37, 39, 'APPROVE', NOW(), NOW()),
    (111, 37, 40, 'APPROVE', NOW(), NOW()),
    (112, 38, 39, 'APPROVE', NOW(), NOW()),
    (113, 38, 40, 'APPROVE', NOW(), NOW()),
    (114, 38, 41, 'APPROVE', NOW(), NOW()),
    (115, 39, 40, 'APPROVE', NOW(), NOW()),
    (116, 39, 41, 'APPROVE', NOW(), NOW()),
    (117, 39, 42, 'APPROVE', NOW(), NOW()),
    (118, 40, 41, 'APPROVE', NOW(), NOW()),
    (119, 40, 42, 'APPROVE', NOW(), NOW()),
    (120, 40, 43, 'APPROVE', NOW(), NOW()),
    (121, 41, 42, 'APPROVE', NOW(), NOW()),
    (122, 41, 43, 'APPROVE', NOW(), NOW()),
    (123, 41, 44, 'APPROVE', NOW(), NOW()),
    (124, 42, 43, 'APPROVE', NOW(), NOW()),
    (125, 42, 44, 'APPROVE', NOW(), NOW()),
    (126, 42, 45, 'APPROVE', NOW(), NOW()),
    (127, 43, 44, 'APPROVE', NOW(), NOW()),
    (128, 43, 45, 'APPROVE', NOW(), NOW()),
    (129, 43, 46, 'APPROVE', NOW(), NOW()),
    (130, 44, 45, 'APPROVE', NOW(), NOW()),
    (131, 44, 46, 'APPROVE', NOW(), NOW()),
    (132, 44, 47, 'APPROVE', NOW(), NOW()),
    (133, 45, 46, 'APPROVE', NOW(), NOW()),
    (134, 45, 47, 'APPROVE', NOW(), NOW()),
    (135, 45, 48, 'APPROVE', NOW(), NOW()),
    (136, 46, 47, 'APPROVE', NOW(), NOW()),
    (137, 46, 48, 'APPROVE', NOW(), NOW()),
    (138, 46, 49, 'APPROVE', NOW(), NOW()),
    (139, 47, 48, 'APPROVE', NOW(), NOW()),
    (140, 47, 49, 'APPROVE', NOW(), NOW()),
    (141, 47, 50, 'APPROVE', NOW(), NOW()),
    (142, 48, 3, 'APPROVE', NOW(), NOW()),
    (143, 48, 4, 'APPROVE', NOW(), NOW()),
    (144, 48, 5, 'APPROVE', NOW(), NOW()),
    (145, 49, 4, 'APPROVE', NOW(), NOW()),
    (146, 49, 5, 'APPROVE', NOW(), NOW()),
    (147, 49, 6, 'APPROVE', NOW(), NOW()),
    (148, 50, 5, 'APPROVE', NOW(), NOW()),
    (149, 50, 6, 'APPROVE', NOW(), NOW()),
    (150, 50, 7, 'APPROVE', NOW(), NOW()),
    (151, 51, 6, 'APPROVE', NOW(), NOW()),
    (152, 51, 7, 'APPROVE', NOW(), NOW()),
    (153, 51, 8, 'APPROVE', NOW(), NOW()),
    (154, 52, 7, 'APPROVE', NOW(), NOW()),
    (155, 52, 8, 'APPROVE', NOW(), NOW()),
    (156, 52, 9, 'APPROVE', NOW(), NOW()),
    (157, 53, 8, 'APPROVE', NOW(), NOW()),
    (158, 53, 9, 'APPROVE', NOW(), NOW()),
    (159, 53, 10, 'APPROVE', NOW(), NOW()),
    (160, 54, 9, 'APPROVE', NOW(), NOW()),
    (161, 54, 10, 'APPROVE', NOW(), NOW()),
    (162, 54, 11, 'APPROVE', NOW(), NOW()),
    (163, 55, 10, 'APPROVE', NOW(), NOW()),
    (164, 55, 11, 'APPROVE', NOW(), NOW()),
    (165, 55, 12, 'APPROVE', NOW(), NOW()),
    (166, 56, 11, 'APPROVE', NOW(), NOW()),
    (167, 56, 12, 'APPROVE', NOW(), NOW()),
    (168, 56, 13, 'APPROVE', NOW(), NOW()),
    (169, 57, 12, 'APPROVE', NOW(), NOW()),
    (170, 57, 13, 'APPROVE', NOW(), NOW()),
    (171, 57, 14, 'APPROVE', NOW(), NOW()),
    (172, 58, 13, 'APPROVE', NOW(), NOW()),
    (173, 58, 14, 'APPROVE', NOW(), NOW()),
    (174, 58, 15, 'APPROVE', NOW(), NOW()),
    (175, 59, 14, 'APPROVE', NOW(), NOW()),
    (176, 59, 15, 'APPROVE', NOW(), NOW()),
    (177, 59, 16, 'APPROVE', NOW(), NOW()),
    (178, 60, 15, 'APPROVE', NOW(), NOW()),
    (179, 60, 16, 'APPROVE', NOW(), NOW()),
    (180, 60, 17, 'APPROVE', NOW(), NOW()),
    (181, 61, 16, 'APPROVE', NOW(), NOW()),
    (182, 61, 17, 'APPROVE', NOW(), NOW()),
    (183, 61, 18, 'APPROVE', NOW(), NOW()),
    (184, 62, 17, 'APPROVE', NOW(), NOW()),
    (185, 62, 18, 'APPROVE', NOW(), NOW()),
    (186, 62, 19, 'APPROVE', NOW(), NOW()),
    (187, 63, 18, 'APPROVE', NOW(), NOW()),
    (188, 63, 19, 'APPROVE', NOW(), NOW()),
    (189, 63, 20, 'APPROVE', NOW(), NOW()),
    (190, 64, 19, 'APPROVE', NOW(), NOW()),
    (191, 64, 20, 'APPROVE', NOW(), NOW()),
    (192, 64, 21, 'APPROVE', NOW(), NOW()),
    (193, 65, 20, 'APPROVE', NOW(), NOW()),
    (194, 65, 21, 'APPROVE', NOW(), NOW()),
    (195, 65, 22, 'APPROVE', NOW(), NOW()),
    (196, 66, 21, 'APPROVE', NOW(), NOW()),
    (197, 66, 22, 'APPROVE', NOW(), NOW()),
    (198, 66, 23, 'APPROVE', NOW(), NOW()),
    (199, 67, 22, 'APPROVE', NOW(), NOW()),
    (200, 67, 23, 'APPROVE', NOW(), NOW()),
    (201, 67, 24, 'APPROVE', NOW(), NOW()),
    (202, 68, 23, 'APPROVE', NOW(), NOW()),
    (203, 68, 24, 'APPROVE', NOW(), NOW()),
    (204, 68, 25, 'APPROVE', NOW(), NOW()),
    (205, 69, 24, 'APPROVE', NOW(), NOW()),
    (206, 69, 25, 'APPROVE', NOW(), NOW()),
    (207, 69, 26, 'APPROVE', NOW(), NOW()),
    (208, 70, 25, 'APPROVE', NOW(), NOW()),
    (209, 70, 26, 'APPROVE', NOW(), NOW()),
    (210, 70, 27, 'APPROVE', NOW(), NOW()),
    (211, 71, 26, 'APPROVE', NOW(), NOW()),
    (212, 71, 27, 'APPROVE', NOW(), NOW()),
    (213, 71, 28, 'APPROVE', NOW(), NOW()),
    (214, 72, 27, 'APPROVE', NOW(), NOW()),
    (215, 72, 28, 'APPROVE', NOW(), NOW()),
    (216, 72, 29, 'APPROVE', NOW(), NOW()),
    (217, 73, 28, 'APPROVE', NOW(), NOW()),
    (218, 73, 29, 'APPROVE', NOW(), NOW()),
    (219, 73, 30, 'APPROVE', NOW(), NOW()),
    (220, 74, 29, 'APPROVE', NOW(), NOW()),
    (221, 74, 30, 'APPROVE', NOW(), NOW()),
    (222, 74, 31, 'APPROVE', NOW(), NOW()),
    (223, 75, 30, 'APPROVE', NOW(), NOW()),
    (224, 75, 31, 'APPROVE', NOW(), NOW()),
    (225, 75, 32, 'APPROVE', NOW(), NOW()),
    (226, 76, 31, 'APPROVE', NOW(), NOW()),
    (227, 76, 32, 'APPROVE', NOW(), NOW()),
    (228, 76, 33, 'APPROVE', NOW(), NOW()),
    (229, 77, 32, 'APPROVE', NOW(), NOW()),
    (230, 77, 33, 'APPROVE', NOW(), NOW()),
    (231, 77, 34, 'APPROVE', NOW(), NOW()),
    (232, 78, 33, 'APPROVE', NOW(), NOW()),
    (233, 78, 34, 'APPROVE', NOW(), NOW()),
    (234, 78, 35, 'APPROVE', NOW(), NOW()),
    (235, 79, 34, 'APPROVE', NOW(), NOW()),
    (236, 79, 35, 'APPROVE', NOW(), NOW()),
    (237, 79, 36, 'APPROVE', NOW(), NOW()),
    (238, 80, 35, 'APPROVE', NOW(), NOW()),
    (239, 80, 36, 'APPROVE', NOW(), NOW()),
    (240, 80, 37, 'APPROVE', NOW(), NOW()),
    (241, 81, 36, 'APPROVE', NOW(), NOW()),
    (242, 81, 37, 'APPROVE', NOW(), NOW()),
    (243, 81, 38, 'APPROVE', NOW(), NOW()),
    (244, 82, 37, 'APPROVE', NOW(), NOW()),
    (245, 82, 38, 'APPROVE', NOW(), NOW()),
    (246, 82, 39, 'APPROVE', NOW(), NOW()),
    (247, 83, 38, 'APPROVE', NOW(), NOW()),
    (248, 83, 39, 'APPROVE', NOW(), NOW()),
    (249, 83, 40, 'APPROVE', NOW(), NOW()),
    (250, 84, 39, 'APPROVE', NOW(), NOW()),
    (251, 84, 40, 'APPROVE', NOW(), NOW()),
    (252, 84, 41, 'APPROVE', NOW(), NOW()),
    (253, 1, 30, 'APPLY', NOW(), NOW()),
    (254, 1, 11, 'APPLY', NOW(), NOW()),
    (255, 1, 31, 'APPLY', NOW(), NOW()),
    (256, 1, 34, 'APPLY', NOW(), NOW()),
    (257, 1, 8, 'APPLY', NOW(), NOW()),
    (258, 2, 1, 'APPLY', NOW(), NOW()),
    (259, 2, 38, 'APPLY', NOW(), NOW()),
    (260, 2, 9, 'APPLY', NOW(), NOW()),
    (261, 2, 36, 'APPLY', NOW(), NOW()),
    (262, 2, 46, 'APPLY', NOW(), NOW()),
    (263, 4, 37, 'APPLY', NOW(), NOW()),
    (264, 4, 26, 'APPLY', NOW(), NOW()),
    (265, 4, 13, 'APPLY', NOW(), NOW()),
    (266, 4, 12, 'APPLY', NOW(), NOW()),
    (267, 4, 14, 'APPLY', NOW(), NOW()),
    (268, 5, 10, 'APPLY', NOW(), NOW()),
    (269, 5, 26, 'APPLY', NOW(), NOW()),
    (270, 5, 24, 'APPLY', NOW(), NOW()),
    (271, 5, 25, 'APPLY', NOW(), NOW()),
    (272, 5, 45, 'APPLY', NOW(), NOW()),
    (273, 23, 23, 'APPLY', NOW(), NOW()),
    (274, 23, 49, 'APPLY', NOW(), NOW()),
    (275, 23, 47, 'APPLY', NOW(), NOW()),
    (276, 23, 31, 'APPLY', NOW(), NOW()),
    (277, 23, 50, 'APPLY', NOW(), NOW()),
    (278, 38, 11, 'APPLY', NOW(), NOW()),
    (279, 38, 49, 'APPLY', NOW(), NOW()),
    (281, 38, 50, 'APPLY', NOW(), NOW()),
    (282, 38, 4, 'APPLY', NOW(), NOW()),
    (283, 51, 18, 'APPLY', NOW(), NOW()),
    (284, 51, 30, 'APPLY', NOW(), NOW()),
    (285, 51, 38, 'APPLY', NOW(), NOW()),
    (286, 51, 44, 'APPLY', NOW(), NOW()),
    (287, 51, 42, 'APPLY', NOW(), NOW()),
    (288, 52, 3, 'APPLY', NOW(), NOW()),
    (290, 52, 44, 'APPLY', NOW(), NOW()),
    (291, 52, 19, 'APPLY', NOW(), NOW()),
    (292, 52, 12, 'APPLY', NOW(), NOW()),
    (293, 54, 15, 'APPLY', NOW(), NOW()),
    (294, 54, 1, 'APPLY', NOW(), NOW()),
    (295, 54, 43, 'APPLY', NOW(), NOW()),
    (296, 54, 38, 'APPLY', NOW(), NOW()),
    (297, 54, 41, 'APPLY', NOW(), NOW()),
    (298, 82, 1, 'GRADUATED', NOW(), NOW()),
    (299, 21, 1, 'GRADUATED', NOW(), NOW()),
    (300, 15, 1, 'GRADUATED', NOW(), NOW()),
    (301, 80, 1, 'GRADUATED', NOW(), NOW()),
    (302, 74, 1, 'GRADUATED', NOW(), NOW()),
    (303, 29, 2, 'GRADUATED', NOW(), NOW()),
    (304, 36, 2, 'GRADUATED', NOW(), NOW()),
    (305, 55, 2, 'GRADUATED', NOW(), NOW()),
    (306, 31, 2, 'GRADUATED', NOW(), NOW()),
    (307, 48, 2, 'GRADUATED', NOW(), NOW()),
    (308, 79, 3, 'GRADUATED', NOW(), NOW()),
    (309, 23, 3, 'GRADUATED', NOW(), NOW()),
    (310, 32, 3, 'GRADUATED', NOW(), NOW()),
    (311, 84, 3, 'GRADUATED', NOW(), NOW()),
    (312, 24, 3, 'GRADUATED', NOW(), NOW()),
    (313, 41, 4, 'GRADUATED', NOW(), NOW()),
    (314, 20, 4, 'GRADUATED', NOW(), NOW()),
    (315, 24, 4, 'GRADUATED', NOW(), NOW()),
    (316, 5, 4, 'GRADUATED', NOW(), NOW()),
    (317, 13, 4, 'GRADUATED', NOW(), NOW()),
    (318, 55, 6, 'GRADUATED', NOW(), NOW()),
    (319, 24, 6, 'GRADUATED', NOW(), NOW()),
    (320, 65, 6, 'GRADUATED', NOW(), NOW()),
    (322, 84, 6, 'GRADUATED', NOW(), NOW());



INSERT INTO study_review (id, study_id, writer_id, content, created_at, modified_at)
VALUES
    (1, 2, 5, '스터디가 체계적이에요', '2023-06-06 09:42:17', '2023-06-06 09:42:17'),
    (2, 82, 1, '팀장이 좋아요', '2023-06-11 14:07:12', '2023-06-11 14:07:12'),
    (3, 15, 1, '분위기가 좋아요', '2023-06-11 14:07:12', '2023-06-11 14:07:12'),
    (4, 80, 1, '모든게 좋아요', '2023-06-11 14:07:12', '2023-06-11 14:07:12'),
    (5, 74, 1, 'Good~', '2023-06-11 14:07:12', '2023-06-11 14:07:12'),
    (6, 29, 2, '팀원이 다 좋아요', '2023-06-11 14:07:12', '2023-06-11 14:07:12'),
    (7, 55, 2, '모두 이 스터디 하세요', '2023-06-11 14:07:12', '2023-06-11 14:07:12'),
    (8, 74, 2, '분위기가 좋아요', '2023-06-11 14:07:12', '2023-06-11 14:07:12'),
    (9, 36, 2, '체계적입니다', '2023-06-11 14:07:12', '2023-06-11 14:07:12'),
    (10, 79, 3, '분위기가 좋아요', '2023-06-11 14:07:12', '2023-06-11 14:07:12'),
    (11, 23, 3, '이 스터디를 만나서 다행이에요', '2023-06-11 14:07:12', '2023-06-11 14:07:12'),
    (12, 84, 3, '분위기가 좋아요', '2023-06-11 14:07:12', '2023-06-11 14:07:12'),
    (13, 41, 4, '팀장이 좋아요', '2023-06-11 14:07:12', '2023-06-11 14:07:12'),
    (14, 24, 4, '이 스터디를 통해 공부할 수 있었어요. 스터디가 없었다면 큰일 날뻔 했습니다', '2023-06-11 14:07:12', '2023-06-11 14:07:12'),
    (15, 5, 4, '분위기가 좋아요', '2023-06-11 14:07:12', '2023-06-11 14:07:12'),
    (16, 55, 6, '스터디가 체계적이에요', '2023-06-11 14:07:12', '2023-06-11 14:07:12'),
    (17, 65, 6, '고민하지말고 바로 신청하세요', '2023-06-11 14:07:12', '2023-06-11 14:07:12'),
    (18, 84, 6, '분위기가 좋아요', '2023-06-11 14:07:12', '2023-06-11 14:07:12');



INSERT INTO favorite(member_id, study_id, created_at, modified_at)
VALUES
    (1, 7, NOW(), NOW()),
    (1, 13, NOW(), NOW()),
    (1, 23, NOW(), NOW()),
    (1, 24, NOW(), NOW()),
    (1, 26, NOW(), NOW()),
    (1, 57, NOW(), NOW()),
    (1, 75, NOW(), NOW()),
    (2, 3, NOW(), NOW()),
    (2, 6, NOW(), NOW()),
    (2, 15, NOW(), NOW()),
    (2, 19, NOW(), NOW()),
    (2, 21, NOW(), NOW()),
    (2, 43, NOW(), NOW()),
    (2, 62, NOW(), NOW()),
    (2, 64, NOW(), NOW()),
    (2, 69, NOW(), NOW()),
    (2, 84, NOW(), NOW()),
    (4, 4, NOW(), NOW()),
    (4, 13, NOW(), NOW()),
    (4, 14, NOW(), NOW()),
    (4, 18, NOW(), NOW()),
    (4, 22, NOW(), NOW()),
    (4, 26, NOW(), NOW()),
    (4, 31, NOW(), NOW()),
    (4, 39, NOW(), NOW()),
    (4, 43, NOW(), NOW()),
    (4, 61, NOW(), NOW()),
    (4, 75, NOW(), NOW()),
    (4, 79, NOW(), NOW()),
    (5, 62, NOW(), NOW()),
    (6, 7, NOW(), NOW()),
    (6, 13, NOW(), NOW()),
    (6, 24, NOW(), NOW()),
    (6, 28, NOW(), NOW()),
    (6, 29, NOW(), NOW()),
    (6, 30, NOW(), NOW()),
    (6, 33, NOW(), NOW()),
    (6, 52, NOW(), NOW()),
    (6, 62, NOW(), NOW()),
    (6, 70, NOW(), NOW()),
    (6, 78, NOW(), NOW()),
    (6, 80, NOW(), NOW()),
    (6, 81, NOW(), NOW()),
    (6, 82, NOW(), NOW()),
    (7, 14, NOW(), NOW()),
    (7, 15, NOW(), NOW()),
    (7, 16, NOW(), NOW()),
    (7, 21, NOW(), NOW()),
    (7, 23, NOW(), NOW()),
    (7, 30, NOW(), NOW()),
    (7, 42, NOW(), NOW()),
    (7, 43, NOW(), NOW()),
    (7, 46, NOW(), NOW()),
    (7, 57, NOW(), NOW()),
    (7, 58, NOW(), NOW()),
    (7, 59, NOW(), NOW()),
    (7, 60, NOW(), NOW()),
    (7, 65, NOW(), NOW()),
    (7, 69, NOW(), NOW()),
    (7, 83, NOW(), NOW()),
    (8, 10, NOW(), NOW()),
    (8, 15, NOW(), NOW()),
    (8, 20, NOW(), NOW()),
    (8, 29, NOW(), NOW()),
    (8, 30, NOW(), NOW()),
    (8, 51, NOW(), NOW()),
    (8, 52, NOW(), NOW()),
    (8, 54, NOW(), NOW()),
    (8, 61, NOW(), NOW()),
    (8, 64, NOW(), NOW()),
    (8, 65, NOW(), NOW()),
    (8, 70, NOW(), NOW()),
    (8, 72, NOW(), NOW()),
    (8, 78, NOW(), NOW()),
    (8, 82, NOW(), NOW()),
    (9, 3, NOW(), NOW()),
    (9, 8, NOW(), NOW()),
    (9, 15, NOW(), NOW()),
    (9, 17, NOW(), NOW()),
    (9, 19, NOW(), NOW()),
    (9, 22, NOW(), NOW()),
    (9, 24, NOW(), NOW()),
    (9, 26, NOW(), NOW()),
    (9, 30, NOW(), NOW()),
    (9, 45, NOW(), NOW()),
    (9, 48, NOW(), NOW()),
    (9, 56, NOW(), NOW()),
    (9, 68, NOW(), NOW()),
    (9, 69, NOW(), NOW()),
    (9, 72, NOW(), NOW()),
    (9, 77, NOW(), NOW()),
    (9, 82, NOW(), NOW()),
    (10, 3, NOW(), NOW()),
    (10, 18, NOW(), NOW()),
    (10, 20, NOW(), NOW()),
    (10, 28, NOW(), NOW()),
    (10, 31, NOW(), NOW()),
    (10, 40, NOW(), NOW()),
    (10, 43, NOW(), NOW()),
    (10, 55, NOW(), NOW()),
    (10, 62, NOW(), NOW()),
    (10, 63, NOW(), NOW()),
    (10, 84, NOW(), NOW()),
    (12, 5, NOW(), NOW()),
    (12, 11, NOW(), NOW()),
    (12, 19, NOW(), NOW()),
    (12, 31, NOW(), NOW()),
    (12, 35, NOW(), NOW()),
    (12, 36, NOW(), NOW()),
    (12, 60, NOW(), NOW()),
    (12, 63, NOW(), NOW()),
    (12, 64, NOW(), NOW()),
    (12, 66, NOW(), NOW()),
    (12, 68, NOW(), NOW()),
    (12, 77, NOW(), NOW()),
    (12, 78, NOW(), NOW()),
    (12, 80, NOW(), NOW()),
    (13, 1, NOW(), NOW()),
    (13, 3, NOW(), NOW()),
    (13, 14, NOW(), NOW()),
    (13, 16, NOW(), NOW()),
    (13, 19, NOW(), NOW()),
    (13, 22, NOW(), NOW()),
    (13, 24, NOW(), NOW()),
    (13, 27, NOW(), NOW()),
    (13, 29, NOW(), NOW()),
    (13, 34, NOW(), NOW()),
    (13, 39, NOW(), NOW()),
    (13, 41, NOW(), NOW()),
    (13, 44, NOW(), NOW()),
    (13, 49, NOW(), NOW()),
    (13, 57, NOW(), NOW()),
    (13, 69, NOW(), NOW()),
    (14, 24, NOW(), NOW()),
    (14, 25, NOW(), NOW()),
    (14, 54, NOW(), NOW()),
    (14, 75, NOW(), NOW()),
    (15, 27, NOW(), NOW()),
    (16, 32, NOW(), NOW()),
    (16, 56, NOW(), NOW()),
    (17, 5, NOW(), NOW()),
    (17, 39, NOW(), NOW()),
    (17, 53, NOW(), NOW()),
    (17, 60, NOW(), NOW()),
    (18, 12, NOW(), NOW()),
    (18, 32, NOW(), NOW()),
    (18, 40, NOW(), NOW()),
    (18, 50, NOW(), NOW()),
    (18, 70, NOW(), NOW()),
    (19, 10, NOW(), NOW()),
    (19, 39, NOW(), NOW()),
    (19, 46, NOW(), NOW()),
    (19, 67, NOW(), NOW()),
    (19, 83, NOW(), NOW()),
    (20, 46, NOW(), NOW()),
    (20, 76, NOW(), NOW()),
    (21, 3, NOW(), NOW()),
    (21, 12, NOW(), NOW()),
    (21, 16, NOW(), NOW()),
    (21, 17, NOW(), NOW()),
    (21, 21, NOW(), NOW()),
    (21, 24, NOW(), NOW()),
    (21, 26, NOW(), NOW()),
    (21, 33, NOW(), NOW()),
    (21, 36, NOW(), NOW()),
    (21, 39, NOW(), NOW()),
    (21, 49, NOW(), NOW()),
    (21, 69, NOW(), NOW()),
    (21, 71, NOW(), NOW()),
    (22, 1, NOW(), NOW()),
    (22, 3, NOW(), NOW()),
    (22, 17, NOW(), NOW()),
    (22, 22, NOW(), NOW()),
    (22, 25, NOW(), NOW()),
    (22, 27, NOW(), NOW()),
    (22, 29, NOW(), NOW()),
    (22, 31, NOW(), NOW()),
    (22, 37, NOW(), NOW()),
    (22, 43, NOW(), NOW()),
    (22, 53, NOW(), NOW()),
    (22, 54, NOW(), NOW()),
    (22, 65, NOW(), NOW()),
    (22, 68, NOW(), NOW()),
    (22, 79, NOW(), NOW()),
    (22, 80, NOW(), NOW()),
    (23, 1, NOW(), NOW()),
    (23, 22, NOW(), NOW()),
    (23, 33, NOW(), NOW()),
    (23, 50, NOW(), NOW()),
    (23, 75, NOW(), NOW()),
    (24, 4, NOW(), NOW()),
    (24, 29, NOW(), NOW()),
    (24, 37, NOW(), NOW()),
    (24, 55, NOW(), NOW()),
    (24, 63, NOW(), NOW()),
    (24, 76, NOW(), NOW()),
    (25, 3, NOW(), NOW()),
    (25, 8, NOW(), NOW()),
    (25, 35, NOW(), NOW()),
    (25, 69, NOW(), NOW()),
    (25, 71, NOW(), NOW()),
    (25, 72, NOW(), NOW()),
    (25, 76, NOW(), NOW()),
    (27, 8, NOW(), NOW()),
    (27, 9, NOW(), NOW()),
    (27, 11, NOW(), NOW()),
    (27, 14, NOW(), NOW()),
    (27, 17, NOW(), NOW()),
    (27, 26, NOW(), NOW()),
    (27, 32, NOW(), NOW()),
    (27, 38, NOW(), NOW()),
    (27, 48, NOW(), NOW()),
    (27, 58, NOW(), NOW()),
    (27, 61, NOW(), NOW()),
    (27, 62, NOW(), NOW()),
    (27, 69, NOW(), NOW()),
    (27, 73, NOW(), NOW()),
    (27, 83, NOW(), NOW()),
    (28, 2, NOW(), NOW()),
    (28, 12, NOW(), NOW()),
    (28, 22, NOW(), NOW()),
    (28, 24, NOW(), NOW()),
    (28, 29, NOW(), NOW()),
    (28, 31, NOW(), NOW()),
    (28, 36, NOW(), NOW()),
    (28, 43, NOW(), NOW()),
    (28, 44, NOW(), NOW()),
    (28, 49, NOW(), NOW()),
    (28, 52, NOW(), NOW()),
    (28, 59, NOW(), NOW()),
    (28, 66, NOW(), NOW()),
    (28, 69, NOW(), NOW()),
    (28, 71, NOW(), NOW()),
    (28, 74, NOW(), NOW()),
    (29, 2, NOW(), NOW()),
    (29, 47, NOW(), NOW()),
    (30, 1, NOW(), NOW()),
    (30, 3, NOW(), NOW()),
    (30, 4, NOW(), NOW()),
    (30, 14, NOW(), NOW()),
    (30, 15, NOW(), NOW()),
    (30, 23, NOW(), NOW()),
    (30, 29, NOW(), NOW()),
    (30, 37, NOW(), NOW()),
    (30, 43, NOW(), NOW()),
    (30, 51, NOW(), NOW()),
    (30, 56, NOW(), NOW()),
    (30, 58, NOW(), NOW()),
    (30, 67, NOW(), NOW()),
    (30, 76, NOW(), NOW()),
    (31, 1, NOW(), NOW()),
    (31, 4, NOW(), NOW()),
    (31, 11, NOW(), NOW()),
    (31, 14, NOW(), NOW()),
    (31, 17, NOW(), NOW()),
    (31, 23, NOW(), NOW()),
    (31, 35, NOW(), NOW()),
    (31, 37, NOW(), NOW()),
    (31, 40, NOW(), NOW()),
    (31, 46, NOW(), NOW()),
    (31, 50, NOW(), NOW()),
    (31, 58, NOW(), NOW()),
    (31, 60, NOW(), NOW()),
    (31, 67, NOW(), NOW()),
    (31, 72, NOW(), NOW()),
    (31, 81, NOW(), NOW()),
    (32, 12, NOW(), NOW()),
    (32, 14, NOW(), NOW()),
    (32, 15, NOW(), NOW()),
    (32, 21, NOW(), NOW()),
    (32, 24, NOW(), NOW()),
    (32, 39, NOW(), NOW()),
    (32, 40, NOW(), NOW()),
    (32, 45, NOW(), NOW()),
    (32, 46, NOW(), NOW()),
    (32, 57, NOW(), NOW()),
    (32, 62, NOW(), NOW()),
    (32, 74, NOW(), NOW()),
    (32, 76, NOW(), NOW()),
    (32, 78, NOW(), NOW()),
    (32, 80, NOW(), NOW()),
    (32, 82, NOW(), NOW()),
    (32, 84, NOW(), NOW()),
    (33, 7, NOW(), NOW()),
    (33, 22, NOW(), NOW()),
    (33, 71, NOW(), NOW()),
    (34, 1, NOW(), NOW()),
    (34, 4, NOW(), NOW()),
    (34, 5, NOW(), NOW()),
    (34, 9, NOW(), NOW()),
    (34, 11, NOW(), NOW()),
    (34, 16, NOW(), NOW()),
    (34, 24, NOW(), NOW()),
    (34, 31, NOW(), NOW()),
    (34, 33, NOW(), NOW()),
    (34, 52, NOW(), NOW()),
    (34, 63, NOW(), NOW()),
    (34, 69, NOW(), NOW()),
    (34, 72, NOW(), NOW()),
    (34, 79, NOW(), NOW()),
    (35, 1, NOW(), NOW()),
    (35, 5, NOW(), NOW()),
    (35, 6, NOW(), NOW()),
    (35, 13, NOW(), NOW()),
    (35, 28, NOW(), NOW()),
    (35, 34, NOW(), NOW()),
    (35, 36, NOW(), NOW()),
    (35, 51, NOW(), NOW()),
    (35, 54, NOW(), NOW()),
    (35, 57, NOW(), NOW()),
    (35, 59, NOW(), NOW()),
    (35, 60, NOW(), NOW()),
    (36, 5, NOW(), NOW()),
    (36, 12, NOW(), NOW()),
    (36, 13, NOW(), NOW()),
    (36, 19, NOW(), NOW()),
    (36, 20, NOW(), NOW()),
    (36, 21, NOW(), NOW()),
    (36, 41, NOW(), NOW()),
    (36, 46, NOW(), NOW()),
    (36, 47, NOW(), NOW()),
    (36, 49, NOW(), NOW()),
    (36, 52, NOW(), NOW()),
    (36, 56, NOW(), NOW()),
    (36, 59, NOW(), NOW()),
    (36, 61, NOW(), NOW()),
    (36, 68, NOW(), NOW()),
    (36, 75, NOW(), NOW()),
    (36, 80, NOW(), NOW()),
    (36, 81, NOW(), NOW()),
    (37, 9, NOW(), NOW()),
    (37, 10, NOW(), NOW()),
    (37, 14, NOW(), NOW()),
    (37, 22, NOW(), NOW()),
    (37, 26, NOW(), NOW()),
    (37, 29, NOW(), NOW()),
    (37, 30, NOW(), NOW()),
    (37, 32, NOW(), NOW()),
    (37, 33, NOW(), NOW()),
    (37, 34, NOW(), NOW()),
    (37, 40, NOW(), NOW()),
    (37, 41, NOW(), NOW()),
    (37, 51, NOW(), NOW()),
    (37, 60, NOW(), NOW()),
    (37, 68, NOW(), NOW()),
    (37, 75, NOW(), NOW()),
    (37, 82, NOW(), NOW()),
    (38, 40, NOW(), NOW()),
    (39, 19, NOW(), NOW()),
    (39, 26, NOW(), NOW()),
    (39, 42, NOW(), NOW()),
    (40, 6, NOW(), NOW()),
    (40, 7, NOW(), NOW()),
    (40, 41, NOW(), NOW()),
    (40, 68, NOW(), NOW()),
    (41, 33, NOW(), NOW()),
    (41, 42, NOW(), NOW()),
    (41, 46, NOW(), NOW()),
    (41, 81, NOW(), NOW()),
    (42, 2, NOW(), NOW()),
    (42, 4, NOW(), NOW()),
    (42, 22, NOW(), NOW()),
    (42, 25, NOW(), NOW()),
    (42, 30, NOW(), NOW()),
    (42, 33, NOW(), NOW()),
    (42, 37, NOW(), NOW()),
    (42, 40, NOW(), NOW()),
    (42, 43, NOW(), NOW()),
    (42, 57, NOW(), NOW()),
    (42, 58, NOW(), NOW()),
    (42, 75, NOW(), NOW()),
    (43, 4, NOW(), NOW()),
    (43, 6, NOW(), NOW()),
    (43, 12, NOW(), NOW()),
    (43, 24, NOW(), NOW()),
    (43, 38, NOW(), NOW()),
    (43, 72, NOW(), NOW()),
    (43, 75, NOW(), NOW()),
    (43, 79, NOW(), NOW()),
    (44, 13, NOW(), NOW()),
    (44, 28, NOW(), NOW()),
    (44, 29, NOW(), NOW()),
    (44, 39, NOW(), NOW()),
    (44, 45, NOW(), NOW()),
    (44, 55, NOW(), NOW()),
    (44, 61, NOW(), NOW()),
    (44, 77, NOW(), NOW()),
    (44, 81, NOW(), NOW()),
    (45, 11, NOW(), NOW()),
    (45, 18, NOW(), NOW()),
    (45, 22, NOW(), NOW()),
    (45, 40, NOW(), NOW()),
    (45, 50, NOW(), NOW()),
    (47, 9, NOW(), NOW()),
    (47, 19, NOW(), NOW()),
    (47, 24, NOW(), NOW()),
    (47, 25, NOW(), NOW()),
    (47, 33, NOW(), NOW()),
    (47, 35, NOW(), NOW()),
    (47, 65, NOW(), NOW()),
    (47, 73, NOW(), NOW()),
    (48, 1, NOW(), NOW()),
    (48, 4, NOW(), NOW()),
    (48, 9, NOW(), NOW()),
    (48, 11, NOW(), NOW()),
    (48, 13, NOW(), NOW()),
    (48, 16, NOW(), NOW()),
    (48, 22, NOW(), NOW()),
    (48, 23, NOW(), NOW()),
    (48, 29, NOW(), NOW()),
    (48, 37, NOW(), NOW()),
    (48, 45, NOW(), NOW()),
    (48, 73, NOW(), NOW()),
    (48, 76, NOW(), NOW()),
    (48, 77, NOW(), NOW()),
    (49, 19, NOW(), NOW()),
    (49, 77, NOW(), NOW()),
    (50, 6, NOW(), NOW()),
    (50, 14, NOW(), NOW()),
    (50, 38, NOW(), NOW());
